MED540 Comp Exam Part 1 - C2014,,,,,,,,,,,,,,,,,,,,,,,,,,,,,,,,,,,,,,,,,,,,,,,,,,,,,,,,,,,,,,,,,,,,,,,,,,,,,,,,,,,,,,,,,,,,,,,,,,,,,,,,,,,,,,,,,,,,,,,,,,,,,,,,,,,,,,,,,,,,,,,,,,,,,,,,,,,,,,,,,,,,,,,,,,,,,,,,
Raw MCQ data for group: Class of 2014 Med (2450|4),,,,,,,,,,,,,,,,,,,,,,,,,,,,,,,,,,,,,,,,,,,,,,,,,,,,,,,,,,,,,,,,,,,,,,,,,,,,,,,,,,,,,,,,,,,,,,,,,,,,,,,,,,,,,,,,,,,,,,,,,,,,,,,,,,,,,,,,,,,,,,,,,,,,,,,,,,,,,,,,,,,,,,,,,,,,,,,,
,,,,,,,,,,,,,,,,,,,,,,,,,,,,,,,,,,,,,,,,,,,,,,,,,,,,,,,,,,,,,,,,,,,,,,,,,,,,,,,,,,,,,,,,,,,,,,,,,,,,,,,,,,,,,,,,,,,,,,,,,,,,,,,,,,,,,,,,,,,,,,,,,,,,,,,,,,,,,,,,,,,,,,,,,,,,,,,,
Question Identifier,Category,Question Type,Correct Response,Weight,Response Data,,,,,,,,,,,,,,,,,,,,,,,,,,,,,,,,,,,,,,,,,,,,,,,,,,,,,,,,,,,,,,,,,,,,,,,,,,,,,,,,,,,,,,,,,,,,,,,,,,,,,,,,,,,,,,,,,,,,,,,,,,,,,,,,,,,,,,,,,,,,,,,,,,,,,,,,,,,,,,,,,,,,,,,,,,,
,,,,,,,,,,,,,,,,,,,,,,,,,,,,,,,,,,,,,,,,,,,,,,,,,,,,,,,,,,,,,,,,,,,,,,,,,,,,,,,,,,,,,,,,,,,,,,,,,,,,,,,,,,,,,,,,,,,,,,,,,,,,,,,,,,,,,,,,,,,,,,,,,,,,,,,,,,,,,,,,,,,,,,,,,,,,,,,,
User Identifiers, , , , ,2666,2685,3926,4069,4425,4440,4456,4466,4551,4625,4642,4968,4969,4971,4972,4973,4974,4975,4976,4978,4979,4980,4981,4982,4983,4984,4985,4986,4987,4988,4989,4991,4992,4993,4994,4995,4996,4997,4998,4999,5000,5002,5003,5004,5005,5007,5008,5010,5012,5017,5021,5024,5026,5027,5028,5029,5031,5035,5036,5037,5038,5039,5041,5042,5043,5044,5045,5046,5047,5048,5050,5051,5052,5053,5054,5056,5057,5058,5060,5061,5063,5065,5068,5069,5071,5072,5073,5074,5077,5078,5079,5080,5081,5082,5083,5084,5085,5087,5088,5089,5090,5091,5092,5093,5094,5095,5096,5102,5104,5105,5107,5108,5109,5112,5114,5116,5117,5120,5121,5122,5123,5124,5125,5126,5127,5129,5130,5133,5134,5135,5136,5137,5138,5139,5140,5141,5142,5143,5146,5147,5148,5149,5150,5150,5151,5152,5153,5155,5156,5157,5158,5159,5160,5161,5162,5163,5164,5165,5167,5172,5176,5179,5180,5181,5182,5184,5185,5193,5195,5198,6239,6804
HOMER_Quiz_1050060,,MULTICHOICE,1,1,1,1,1,1,1,1,1,1,1,1,1,1,1,1,1,1,1,1,1,1,1,2,1,1,1,1,1,1,1,1,2,1,1,2,1,1,2,1,1,1,1,1,1,1,1,2,1,1,1,4,1,1,4,1,1,1,4,1,1,1,2,2,1,2,1,1,1,1,1,1,1,1,1,1,1,1,4,1,1,1,1,1,1,1,1,4,1,1,1,1,1,1,1,1,1,1,1,1,1,1,1,1,1,1,4,1,1,2,2,1,1,1,1,1,2,2,1,1,1,1,1,1,1,1,1,1,1,1,1,1,1,1,1,1,1,2,1,3,1,1,1,1,1,1,1,2,1,1,1,1,1,1,1,1,1,1,4,1,1,2,1,1,1,2,1,1,1,2,1,1,1,1
HOMER_Quiz_1050061,FAMILY MEDICINE,MULTICHOICE,1,1,1,1,1,1,1,1,1,1,1,1,1,1,1,1,4,1,1,1,1,1,1,1,1,4,1,1,1,1,1,1,1,1,1,4,1,1,1,1,1,1,1,1,1,1,1,1,1,1,1,1,1,1,1,1,1,1,1,1,1,1,1,1,1,1,1,4,1,1,1,1,1,1,1,1,1,1,1,1,1,1,1,1,1,1,1,1,1,1,1,1,1,1,1,1,1,1,1,1,1,1,1,1,1,1,1,1,1,1,1,1,1,1,1,1,1,1,1,1,1,1,1,1,4,1,1,1,1,1,1,1,1,1,1,1,1,1,1,1,1,1,1,1,1,1,1,1,1,1,1,1,1,1,1,1,1,1,3,1,1,1,1,1,1,1,1,1,1,1,3,1,1,1
HOMER_Quiz_1050062,,MULTICHOICE,4,1,4,4,4,4,2,3,1,1,4,1,4,3,4,2,2,3,4,4,1,4,4,2,2,4,2,3,4,4,4,2,4,2,4,2,2,4,4,4,4,2,4,4,3,4,2,4,4,4,1,1,4,2,1,4,3,2,4,2,4,4,4,2,4,4,2,4,4,1,1,4,2,1,4,2,4,4,4,2,2,2,2,2,4,2,4,4,2,4,2,1,4,2,2,2,2,1,4,2,4,2,2,4,1,2,3,4,4,2,4,2,4,4,2,4,1,2,4,4,2,2,4,1,2,2,2,4,4,1,4,4,1,4,4,2,1,4,2,1,4,4,1,4,2,2,1,1,4,4,2,4,1,4,4,4,3,1,4,4,4,4,2,2,4,1,3,3,4,4,4,4,4,4
HOMER_Quiz_1050063,,MULTICHOICE,1,1,4,1,1,1,1,1,1,1,1,1,1,2,1,1,3,1,1,1,3,1,4,1,1,1,1,1,1,3,1,4,1,1,1,1,4,1,1,1,3,1,1,1,1,1,3,1,1,1,1,1,1,1,1,3,1,1,1,3,1,1,1,1,4,1,1,1,1,1,3,3,1,2,1,1,3,1,2,1,4,1,1,1,1,4,4,1,1,1,1,4,2,1,3,4,3,1,3,1,1,1,1,1,1,1,3,1,1,1,1,1,1,1,1,1,3,1,1,1,1,4,1,4,3,1,1,1,1,3,1,3,3,1,1,1,1,3,4,3,1,1,1,1,3,3,4,3,1,1,1,4,2,3,1,1,3,1,1,1,1,1,1,4,1,1,1,3,1,1,3,1,1,1
HOMER_Quiz_1050064,,MULTICHOICE,3,1,1,3,3,3,3,4,1,3,3,3,3,4,3,4,3,1,3,3,3,3,3,3,3,3,3,3,3,3,3,3,1,3,3,3,2,3,3,3,3,3,3,1,3,3,3,4,3,3,3,3,3,3,4,3,3,3,3,1,4,3,3,3,3,3,3,4,3,3,3,3,2,2,3,4,1,3,2,3,3,3,3,3,3,4,3,1,3,4,3,3,3,3,3,3,3,3,3,4,3,2,3,3,3,3,3,3,3,3,1,1,3,3,1,3,3,3,3,3,1,3,3,3,3,4,3,2,1,3,3,3,3,3,3,3,3,1,3,1,3,1,3,4,1,1,1,3,3,3,3,4,1,3,4,3,3,3,1,3,3,3,3,3,3,3,1,3,1,3,3,3,3,3
HOMER_Quiz_1050065,,MULTICHOICE,2,1,2,3,2,2,2,2,2,2,2,2,2,3,2,3,2,3,2,2,2,2,2,2,1,2,2,2,2,3,2,2,2,2,2,2,2,2,2,2,2,4,2,2,2,2,2,2,2,2,2,2,2,2,2,2,2,1,2,2,3,3,2,2,2,2,2,2,2,2,2,2,2,2,2,2,2,2,2,2,2,2,2,3,2,2,2,2,2,2,2,2,2,2,2,2,3,2,2,2,2,1,2,1,2,2,2,2,2,2,2,2,2,2,1,2,1,2,2,2,2,2,3,2,3,2,2,2,2,2,2,2,2,3,1,2,2,2,2,2,2,2,2,2,2,2,2,3,2,2,2,2,2,2,2,2,2,2,2,2,2,2,2,2,2,2,2,4,2,2,2,2,2,2
HOMER_Quiz_1050066,,MULTICHOICE,1,1,3,1,1,1,3,1,1,1,1,1,1,1,4,2,1,1,1,1,1,2,2,3,1,1,4,1,1,4,1,1,4,1,4,1,1,1,4,2,4,2,1,3,4,1,1,1,4,1,1,3,4,1,3,4,2,3,1,2,1,1,3,1,2,2,1,3,1,3,4,3,1,4,1,4,3,2,4,1,3,1,4,1,4,1,3,4,2,1,3,4,1,1,3,3,3,2,2,1,1,2,1,1,1,1,2,3,1,1,1,1,1,4,1,3,1,1,1,1,2,1,1,1,1,1,3,1,1,1,1,2,1,1,1,1,1,2,1,2,1,1,1,2,2,2,3,2,3,2,1,2,2,3,1,2,3,2,1,1,1,4,1,3,1,4,1,1,4,3,4,2,1,1
HOMER_Quiz_1050067,,MULTICHOICE,1,1,1,1,1,1,1,1,1,4,1,1,1,1,1,1,1,1,1,1,1,1,1,1,1,1,1,1,1,1,1,1,1,1,1,1,1,1,1,1,1,1,1,1,1,1,1,1,1,1,1,1,1,1,1,1,1,1,1,1,1,1,1,1,1,1,1,1,1,1,1,1,1,1,1,1,1,1,1,1,1,1,1,1,1,1,1,1,1,1,1,1,1,1,1,1,1,1,1,1,1,1,1,1,1,1,1,1,1,1,1,1,1,1,1,1,3,1,1,1,1,1,1,1,1,1,1,1,1,1,1,1,1,1,1,1,1,1,1,1,1,1,1,1,1,1,1,1,1,1,1,1,1,1,1,1,1,1,1,1,1,1,1,1,1,1,1,1,1,1,1,1,1,1
HOMER_Quiz_1050068,,MULTICHOICE,1,1,2,1,1,1,2,1,2,2,2,3,2,2,1,3,2,1,2,1,1,1,1,3,3,2,3,1,1,1,4,2,1,1,3,1,1,1,1,1,1,1,2,2,1,1,3,2,1,1,2,1,1,1,1,3,1,1,1,2,1,1,2,1,4,2,1,2,1,1,3,2,1,2,1,2,1,2,1,1,1,1,2,4,1,1,2,2,2,1,3,4,1,1,1,3,1,1,3,3,2,1,2,1,1,2,3,3,1,2,1,2,2,2,1,1,1,2,2,1,3,2,1,2,4,1,1,2,1,2,1,2,1,1,2,1,1,3,2,2,2,1,3,2,2,2,1,2,3,2,2,2,2,1,1,1,2,3,2,1,1,3,2,1,2,3,1,2,3,3,3,1,2,4
HOMER_Quiz_1050069,,MULTICHOICE,3,1,3,3,3,3,3,2,3,3,3,3,3,3,3,4,3,4,2,3,4,4,3,3,3,3,1,3,2,3,3,3,3,3,3,3,3,3,3,3,2,3,3,3,3,3,3,3,3,3,3,3,3,3,4,3,3,3,3,4,3,3,1,3,3,2,3,4,3,3,2,3,3,3,3,4,3,3,3,2,3,3,3,4,3,3,2,4,3,3,3,3,3,2,3,3,3,3,3,3,3,4,4,3,3,3,2,3,3,3,3,3,3,3,4,3,2,3,3,3,2,3,3,4,2,4,3,3,3,4,4,3,3,3,3,3,3,3,3,4,3,3,3,3,3,3,4,3,3,3,2,3,3,3,3,3,3,1,2,3,3,3,3,3,3,4,3,3,3,3,3,3,3,3
HOMER_Quiz_1050070,,MULTICHOICE,3,1,3,3,3,3,3,3,4,3,3,3,3,3,3,3,3,3,3,3,3,3,3,3,3,4,3,3,3,3,3,3,4,4,4,3,4,3,3,3,4,3,3,4,3,4,3,3,3,3,3,4,3,3,3,3,3,3,3,3,3,3,3,3,3,3,3,3,3,3,3,3,3,3,4,3,3,3,3,3,4,3,3,4,3,3,3,3,3,3,3,3,3,3,4,3,4,3,3,4,3,3,3,3,3,3,4,3,3,3,4,3,3,3,3,4,3,3,3,3,3,3,3,4,3,3,3,3,3,3,3,4,4,3,3,4,3,3,3,3,3,3,3,3,4,4,3,3,3,3,3,3,3,4,3,3,3,3,3,3,3,3,3,3,3,4,4,3,3,4,3,3,3,3
HOMER_Quiz_1050071,,MULTICHOICE,3,1,3,3,3,3,3,3,3,3,3,3,3,3,3,3,3,3,3,3,3,3,3,3,3,3,3,3,3,3,3,3,3,3,3,3,3,3,3,3,3,3,3,3,3,3,3,3,3,3,3,3,3,3,3,3,3,3,3,3,3,3,3,3,3,3,3,3,3,3,3,3,3,3,3,3,3,3,3,3,3,3,3,3,3,3,3,3,3,3,3,3,3,3,3,3,3,3,3,3,3,3,3,3,3,3,3,3,3,3,3,3,3,3,3,3,3,3,3,3,3,3,3,3,2,3,3,3,3,3,3,3,3,3,3,3,3,3,3,3,3,3,3,3,3,3,3,3,3,3,3,3,3,3,3,3,3,3,3,3,3,3,3,3,3,3,3,3,3,3,3,3,3,3
HOMER_Quiz_1050072,,MULTICHOICE,1,1,1,1,1,1,1,1,1,1,1,1,1,1,1,1,1,1,1,1,1,1,1,1,1,1,1,1,1,1,1,1,1,1,1,1,1,1,1,1,1,1,1,1,1,1,1,1,1,1,1,1,1,1,1,1,1,1,1,1,1,1,1,1,1,1,1,1,1,1,1,1,1,1,1,1,1,1,1,1,1,1,1,1,1,1,1,1,1,1,1,1,1,1,1,1,1,1,1,1,1,1,1,1,1,1,1,1,1,1,1,1,1,1,1,1,1,1,1,1,1,1,1,1,1,1,1,1,1,1,1,1,1,1,1,1,1,1,1,1,1,1,1,1,1,1,1,1,1,1,1,1,1,1,1,1,1,1,1,1,1,1,1,1,1,1,1,1,1,1,1,1,1,1
HOMER_Quiz_1050073,,MULTICHOICE,2,1,4,2,2,2,3,2,2,2,2,2,2,2,2,2,2,2,2,2,2,3,2,2,2,2,2,2,2,2,2,2,2,2,2,2,2,2,3,2,2,2,2,2,2,2,2,2,2,2,3,2,2,2,2,3,2,2,2,2,2,2,2,2,2,2,2,2,2,2,2,2,2,2,2,2,2,2,2,2,2,2,2,3,2,2,2,2,2,2,2,2,2,2,2,2,3,2,2,2,2,2,2,2,2,2,2,2,2,2,2,2,2,2,2,2,2,2,2,2,2,2,2,2,2,2,3,2,2,2,2,2,2,2,2,2,2,2,2,2,2,2,2,2,2,2,3,2,2,2,2,2,2,2,2,2,2,2,2,2,2,2,2,3,2,2,2,2,2,2,2,2,2,2
HOMER_Quiz_1050074,,MULTICHOICE,4,1,4,4,4,4,4,4,4,4,4,4,4,4,3,4,4,4,4,4,3,4,4,4,4,4,4,4,4,4,4,4,4,4,4,4,4,4,4,4,4,4,4,4,4,4,4,4,4,4,4,4,4,4,4,4,4,4,4,4,4,4,4,4,4,4,4,4,4,4,4,4,4,4,4,4,4,4,4,4,4,4,4,4,4,4,4,4,4,4,2,3,4,4,4,4,3,4,4,4,4,4,4,4,4,4,4,4,4,4,4,4,4,4,4,4,4,4,4,4,4,4,4,4,4,2,4,3,4,4,4,4,4,4,4,4,4,4,4,4,4,4,4,4,4,4,4,4,4,4,4,4,4,4,4,4,4,4,4,4,4,4,4,4,4,4,4,4,4,4,4,4,4,4
HOMER_Quiz_1050075,,MULTICHOICE,4,1,1,4,4,2,4,4,4,4,1,2,4,1,4,4,4,4,4,4,4,4,2,4,4,1,4,1,4,4,4,4,1,4,4,4,4,4,4,4,4,4,4,4,4,4,4,2,4,4,2,4,4,4,4,4,4,4,1,4,4,4,1,4,4,4,1,4,4,4,1,4,2,4,1,4,4,4,4,4,4,4,4,1,4,1,4,4,4,4,4,4,4,4,4,4,4,1,2,4,4,4,4,4,2,1,4,1,2,4,4,4,1,4,4,4,4,4,4,4,4,4,4,4,1,4,4,4,4,4,4,4,1,4,4,3,4,4,4,4,4,4,4,2,1,1,4,4,4,4,4,4,4,4,4,4,4,4,4,2,4,4,4,4,4,1,2,2,4,4,4,4,4,4
HOMER_Quiz_1050076,,MULTICHOICE,3,1,3,3,4,4,3,3,3,4,1,4,4,3,3,3,4,3,4,3,3,3,4,3,4,3,4,3,3,3,4,3,1,4,3,2,3,4,4,3,3,2,3,3,3,3,1,4,4,3,3,3,3,2,4,3,3,1,3,2,4,4,3,2,3,3,3,3,3,4,3,4,3,4,3,2,3,4,4,1,3,3,3,3,3,4,1,4,3,3,3,3,1,3,4,4,4,2,4,2,3,4,3,4,4,3,3,2,1,4,3,2,3,3,4,3,4,3,1,3,4,3,4,3,3,4,3,3,4,3,3,3,2,3,3,3,4,3,4,3,4,4,3,4,3,3,4,4,3,3,4,3,2,3,3,4,3,4,4,4,3,3,4,3,3,3,3,3,3,3,4,4,1,3
HOMER_Quiz_1050077,,MULTICHOICE,2,1,1,2,2,2,2,2,2,2,3,2,3,3,2,2,2,2,2,2,2,2,2,2,2,2,4,2,2,2,2,2,2,2,2,2,2,2,2,2,3,2,2,2,2,2,2,1,2,3,2,2,2,3,2,2,2,2,2,1,2,2,2,2,2,2,2,3,4,2,2,3,2,1,2,3,2,2,2,2,1,2,2,2,2,2,2,2,2,2,3,2,3,3,2,4,2,2,2,3,2,2,2,2,2,2,2,3,3,2,2,2,2,2,2,2,2,2,2,2,1,3,2,2,3,2,2,2,2,2,2,3,2,2,4,2,2,2,2,2,2,2,2,2,2,2,2,2,2,2,3,3,1,2,2,2,2,2,2,2,2,2,2,2,2,2,2,3,2,3,2,2,1,2
HOMER_Quiz_1050078,,MULTICHOICE,2,1,4,2,4,2,2,2,4,2,2,2,2,2,2,2,2,2,2,2,2,2,2,2,2,2,2,2,2,2,2,2,2,2,4,2,2,2,2,2,2,2,4,2,2,2,2,2,2,2,2,2,2,2,2,2,2,2,2,2,2,2,2,2,2,4,2,2,2,2,4,2,4,2,2,4,2,2,2,4,2,4,2,4,2,2,2,2,2,2,2,2,4,2,2,2,2,2,2,4,2,2,2,2,2,2,2,2,2,2,2,2,2,2,2,4,2,4,4,2,2,2,2,2,4,2,4,2,4,2,2,2,2,2,2,2,2,2,2,2,2,2,2,2,2,2,2,2,2,2,4,2,2,4,2,2,2,4,4,2,2,4,2,2,2,2,2,2,2,2,4,2,2,2
HOMER_Quiz_1050079,,MULTICHOICE,4,1,4,1,1,1,1,4,2,1,4,4,4,4,1,3,1,4,4,4,4,4,1,4,4,4,1,4,4,1,4,1,4,4,4,4,4,4,4,4,4,1,1,3,3,4,4,1,4,4,4,4,4,1,1,4,1,4,4,1,1,4,4,2,4,4,4,3,3,1,1,3,1,4,4,4,1,4,1,4,4,4,4,1,4,4,4,4,1,1,4,4,1,1,1,4,4,4,4,1,4,4,4,1,4,1,3,1,1,4,4,2,4,4,4,4,1,4,4,4,4,4,1,1,1,2,1,3,1,4,1,1,1,4,4,4,4,4,4,4,4,4,1,1,4,4,1,4,3,4,4,1,4,1,4,4,4,4,3,4,4,4,4,4,1,4,4,2,4,4,2,4,2,4
HOMER_Quiz_1050080,,MULTICHOICE,2,1,1,1,2,3,1,1,1,1,1,2,2,1,1,4,3,2,2,2,4,4,2,2,1,1,2,2,3,4,4,1,2,1,2,3,2,1,1,2,4,1,1,1,2,1,2,2,4,3,3,1,2,3,2,1,1,4,3,1,1,3,2,3,2,2,3,2,2,2,1,4,2,3,1,2,4,2,2,2,1,3,3,1,1,3,2,1,1,1,1,1,1,2,1,1,3,1,2,2,3,3,3,4,1,1,2,1,1,3,2,3,2,2,4,1,2,3,1,2,4,2,1,2,4,3,4,2,1,2,1,4,3,1,3,3,1,2,4,1,2,3,3,3,2,2,3,4,2,2,3,1,3,1,1,2,1,2,1,1,2,3,1,4,1,1,2,4,1,1,3,3,2,2
HOMER_Quiz_1050081,,MULTICHOICE,4,1,4,4,4,4,4,4,4,4,4,4,4,3,4,3,3,3,4,3,3,2,3,4,4,4,3,4,4,1,3,4,1,4,4,4,4,2,3,4,3,4,4,4,4,4,4,3,4,4,3,2,3,4,4,4,3,4,3,2,4,3,2,4,4,3,4,4,4,4,3,3,4,3,4,3,4,4,4,2,4,3,3,3,3,4,4,4,4,3,3,4,3,2,4,3,1,3,4,4,4,4,4,3,3,4,3,3,4,4,4,3,1,4,3,1,3,4,4,4,2,3,4,4,3,3,4,1,4,4,4,3,2,4,4,4,3,3,1,4,4,3,3,4,3,3,4,4,3,4,3,3,3,3,4,3,4,4,3,1,4,3,3,3,4,4,3,4,4,3,3,2,2,4
HOMER_Quiz_1050082,,MULTICHOICE,2,1,2,2,4,2,3,2,2,2,2,4,2,4,1,1,2,4,4,4,2,2,3,2,2,2,1,2,2,2,1,2,2,4,2,2,2,4,2,2,3,1,2,2,1,2,4,1,2,3,4,1,3,4,3,1,3,2,2,4,2,3,2,3,2,2,4,2,2,2,3,4,2,3,4,4,2,2,2,2,3,2,2,2,2,2,2,1,1,2,2,4,2,2,2,3,2,1,2,2,2,2,2,1,4,2,2,4,2,2,2,3,2,2,4,4,4,2,1,2,3,2,2,4,2,2,2,2,2,4,4,2,4,2,4,2,2,4,4,1,1,2,2,4,1,1,4,4,2,2,3,3,2,2,2,2,2,4,4,4,2,2,2,2,2,2,2,3,2,2,3,2,3,2
HOMER_Quiz_1050083,,MULTICHOICE,3,1,3,3,3,3,3,3,3,2,3,3,3,3,3,3,1,3,3,3,1,3,3,3,2,3,3,3,3,3,3,3,2,3,3,3,3,3,3,3,3,3,3,3,3,3,3,4,3,3,3,3,3,3,2,3,3,3,1,1,3,3,3,2,3,3,3,3,3,3,3,2,2,3,3,3,3,3,2,3,3,3,3,3,3,3,3,1,4,3,3,3,4,3,2,3,3,3,3,3,3,3,3,3,2,3,3,3,3,3,1,1,3,3,3,3,3,3,3,3,2,3,3,2,3,2,3,3,3,2,3,2,3,3,3,3,3,3,3,3,3,3,3,2,3,3,3,3,3,3,3,3,3,2,3,3,1,1,3,1,3,3,2,3,3,3,3,2,1,3,3,3,2,3
HOMER_Quiz_1050084,,MULTICHOICE,3,1,3,3,1,3,3,1,2,1,3,3,3,3,3,3,3,3,3,3,3,3,1,3,3,1,1,3,3,3,3,3,3,3,3,3,3,3,3,3,4,3,3,3,3,3,3,3,3,3,4,3,3,3,3,1,3,3,1,4,3,3,3,3,3,3,1,3,3,3,4,3,3,3,3,4,3,3,3,3,3,3,3,3,3,3,3,3,3,3,3,3,3,3,3,3,3,3,3,3,3,3,1,3,1,3,3,1,1,3,3,3,3,3,1,3,1,2,1,3,3,4,3,3,3,3,3,3,3,3,3,3,3,3,3,3,3,3,3,3,3,3,3,3,1,1,3,3,3,3,3,3,4,3,3,3,3,3,3,3,3,3,1,3,3,3,3,3,3,3,3,3,3,3
HOMER_Quiz_1050085,,MULTICHOICE,2,1,2,2,1,1,2,2,2,2,2,2,2,2,2,2,2,2,2,2,2,2,2,2,2,2,2,2,2,2,2,2,2,2,2,2,2,2,2,2,2,3,2,2,2,2,2,1,2,2,2,2,2,2,2,2,2,2,2,4,2,2,2,2,2,2,4,2,2,2,1,2,2,2,2,2,2,2,2,2,2,2,2,2,2,2,2,4,1,2,2,2,2,2,2,2,1,2,2,2,2,1,2,2,2,2,2,3,2,2,2,2,2,2,2,2,2,2,2,2,2,2,2,1,2,2,4,1,2,2,2,2,2,2,2,2,2,2,4,2,4,2,2,2,1,1,2,2,2,2,2,2,2,2,2,2,2,2,2,1,2,1,2,2,2,2,2,2,2,2,2,2,2,2
HOMER_Quiz_1050086,,MULTICHOICE,3,1,3,3,1,3,3,3,1,3,3,3,3,2,3,3,3,3,3,3,3,1,2,3,2,3,1,3,3,2,1,3,3,1,3,1,3,3,3,3,3,3,3,1,1,3,3,1,1,1,1,3,1,1,3,1,1,3,3,1,3,3,3,1,1,1,1,1,1,3,3,1,3,3,3,1,3,3,1,1,1,2,3,3,1,3,1,1,1,3,3,1,1,2,3,3,1,3,1,3,1,3,3,3,3,1,1,1,1,1,3,3,1,3,3,2,3,1,3,3,1,3,3,3,3,1,3,1,3,3,3,1,1,3,3,1,1,1,1,3,1,3,1,1,1,1,1,3,1,3,2,3,3,1,3,3,3,1,1,3,3,3,1,3,3,3,3,3,3,1,1,1,3,3
HOMER_Quiz_1050087,,MULTICHOICE,2,1,2,2,4,2,2,2,2,2,2,2,2,2,2,1,2,1,2,1,2,2,2,2,1,2,2,2,2,4,1,4,1,1,2,4,2,1,2,2,2,2,2,2,1,2,2,2,1,4,2,2,1,2,2,2,3,2,2,1,2,2,2,2,2,2,2,1,2,2,1,1,2,2,2,1,2,2,2,1,2,2,1,2,2,2,2,1,4,2,2,2,1,2,2,3,2,1,2,2,2,1,4,3,2,2,2,2,2,2,2,2,1,3,2,2,2,2,1,2,1,4,2,2,2,2,2,1,2,4,2,1,2,1,2,2,2,1,1,4,2,2,2,4,1,1,1,2,2,2,2,2,4,2,2,2,2,2,1,2,2,2,2,1,2,2,2,1,2,2,1,2,2,2
HOMER_Quiz_1050088,,MULTICHOICE,3,1,2,3,3,2,2,2,3,2,2,2,3,3,3,2,3,3,3,4,2,2,2,3,3,3,3,3,3,2,3,3,2,2,3,2,2,4,3,3,2,3,4,2,3,3,3,2,2,4,3,2,2,3,2,2,2,2,3,4,3,4,4,3,3,3,2,4,3,2,2,1,3,3,4,3,2,4,2,3,2,3,2,2,4,3,3,3,2,3,2,3,3,2,3,2,2,4,3,2,3,3,3,3,3,2,3,4,3,3,3,2,3,3,3,1,2,4,2,3,2,3,3,3,3,2,4,3,2,4,2,3,3,3,3,2,2,3,3,3,4,3,3,4,3,3,2,3,2,4,3,3,3,3,2,3,2,2,3,2,3,3,2,3,4,3,2,4,3,4,2,3,2,2
HOMER_Quiz_1050089,,MULTICHOICE,1,1,1,1,2,1,2,3,2,4,2,1,1,4,1,1,1,1,1,1,1,3,1,1,1,1,3,1,3,4,1,1,1,1,1,1,1,1,1,1,1,1,3,1,1,1,1,2,1,1,1,4,1,1,3,2,1,1,1,1,1,1,2,4,4,1,1,1,1,1,1,1,1,1,1,1,1,1,1,1,1,1,1,4,1,1,1,3,3,1,1,1,1,1,2,1,1,4,1,3,1,1,2,1,1,1,1,1,1,1,1,3,3,1,2,1,4,1,1,1,4,1,1,1,3,3,1,1,1,1,1,1,1,1,2,1,1,1,1,3,1,2,1,1,1,1,1,2,1,2,1,1,3,3,3,1,1,1,1,1,4,4,1,1,1,3,3,3,1,1,1,1,1,1
HOMER_Quiz_1050090,,MULTICHOICE,3,1,2,3,3,3,3,3,3,4,3,4,4,4,3,4,3,3,4,3,3,3,3,3,3,4,3,4,3,4,3,4,3,3,4,3,4,3,3,3,3,3,3,3,3,4,3,3,3,4,3,3,4,3,3,4,4,3,3,3,3,3,3,4,3,4,4,2,4,3,3,3,3,2,3,4,3,3,2,3,3,4,3,3,3,3,3,4,4,3,3,3,3,3,3,4,4,3,2,3,3,3,3,4,4,3,3,4,4,3,3,4,4,3,3,4,3,3,4,3,3,3,3,4,4,4,3,3,3,3,3,4,3,3,3,3,3,3,3,3,3,3,2,3,4,4,4,3,3,3,3,4,4,3,3,3,3,3,4,3,3,3,4,4,3,3,3,4,3,3,3,4,3,3
HOMER_Quiz_1050091,,MULTICHOICE,2,1,2,2,4,2,2,2,2,2,2,1,2,2,2,2,2,2,2,2,2,2,2,2,2,2,4,2,2,2,2,2,2,2,2,2,2,2,2,2,2,2,2,2,2,2,2,2,2,2,2,2,2,2,2,2,2,2,2,4,2,2,2,2,2,2,2,2,2,2,2,2,2,2,2,2,2,2,2,2,2,2,2,2,2,2,2,2,2,2,2,2,4,2,2,4,2,2,2,2,2,2,2,2,1,2,1,2,1,2,2,2,2,2,2,2,2,4,2,2,2,2,1,4,4,2,2,2,2,1,2,2,1,2,2,2,1,2,2,2,2,2,2,2,2,2,2,2,2,2,2,2,2,2,2,2,2,4,2,2,2,2,4,1,2,2,2,2,2,2,2,2,2,2
HOMER_Quiz_1050092,,MULTICHOICE,3,1,3,3,3,3,3,3,3,1,2,1,3,1,3,3,3,1,3,3,3,1,3,3,3,3,3,3,3,3,3,2,3,3,3,1,3,3,3,3,3,3,3,2,3,3,3,3,3,3,3,3,3,3,3,3,3,3,1,3,3,3,3,3,3,1,3,3,1,3,3,3,3,3,3,3,3,3,3,3,1,3,3,3,3,3,3,3,3,3,3,2,3,3,3,3,1,2,1,2,3,3,3,3,3,3,2,3,3,3,3,3,1,3,3,3,3,3,3,3,3,3,1,3,3,1,3,3,1,3,3,1,3,3,3,3,3,3,1,3,3,3,3,3,1,1,3,3,3,3,3,3,3,3,3,3,2,3,3,3,1,3,3,3,3,3,3,3,3,3,3,3,3,1
HOMER_Quiz_1050093,,MULTICHOICE,2,1,2,1,2,2,1,2,2,4,1,2,2,2,2,2,1,2,1,1,2,2,2,2,2,2,2,2,2,1,2,2,2,2,2,2,2,2,1,2,1,2,2,4,2,2,2,2,2,1,2,2,2,2,2,2,2,2,2,2,2,2,2,2,2,2,2,2,2,2,2,2,1,2,3,2,1,2,2,2,2,2,2,1,2,2,2,2,2,1,2,2,4,2,2,2,2,2,2,2,2,2,2,2,2,2,2,2,2,2,2,2,2,3,2,4,2,2,2,2,1,2,2,2,2,2,2,2,2,1,2,2,1,1,2,2,2,2,2,2,2,2,1,2,3,3,2,2,2,2,2,2,2,1,2,2,1,2,2,1,2,1,3,2,2,2,2,2,2,2,2,2,2,4
HOMER_Quiz_1050094,,MULTICHOICE,2,1,1,1,1,4,2,2,4,2,4,2,1,3,1,4,1,1,2,1,2,4,2,1,3,1,2,4,1,1,2,1,2,2,1,2,1,2,4,1,2,3,2,3,3,2,3,1,2,4,2,2,1,1,3,2,3,2,3,4,2,2,2,1,3,4,2,2,2,1,2,1,2,4,2,2,1,2,1,3,1,2,4,2,4,2,2,2,4,3,2,2,2,1,2,1,1,2,2,2,3,1,2,1,2,3,3,3,2,2,2,2,3,1,1,2,2,4,2,2,1,3,1,3,3,2,2,2,2,2,2,2,3,3,2,2,1,3,4,2,2,2,2,2,2,2,2,2,1,1,1,2,3,2,3,2,3,1,4,3,2,2,3,2,2,2,1,2,2,1,4,3,1,1
HOMER_Quiz_1050095,,MULTICHOICE,3,1,2,3,3,3,3,2,3,3,2,2,3,3,2,3,3,3,3,3,3,3,3,3,3,3,3,3,3,3,3,2,3,3,2,2,3,3,3,2,2,3,3,3,3,2,3,2,3,3,3,3,3,3,3,3,3,3,3,3,3,3,3,3,3,3,3,3,3,2,3,3,3,3,3,3,3,3,3,2,3,3,3,3,2,3,3,3,3,3,1,3,3,3,2,3,2,3,2,3,3,3,2,3,2,3,3,3,4,3,3,3,3,3,3,3,3,3,3,3,3,3,3,3,3,1,3,3,3,3,3,3,3,3,3,3,3,3,3,3,2,3,3,3,3,3,3,2,3,3,2,2,4,3,3,3,3,3,3,3,3,3,3,2,2,2,3,3,3,3,2,3,3,3
HOMER_Quiz_1050096,,MULTICHOICE,4,1,4,4,3,1,4,4,1,4,4,4,3,4,4,4,3,4,3,4,3,1,3,4,3,4,3,4,4,4,4,1,4,4,4,1,4,3,4,4,4,3,4,4,4,4,1,3,4,4,3,4,4,3,3,3,1,4,4,1,4,4,4,3,3,4,4,1,4,4,3,4,4,4,3,3,4,4,4,4,1,4,4,4,4,1,4,3,4,4,3,4,1,3,4,1,4,3,3,4,4,4,4,1,4,4,4,4,3,4,4,3,4,4,4,4,3,3,4,4,3,3,4,4,3,3,4,3,4,4,4,4,4,4,3,3,4,4,4,4,1,4,4,3,1,1,1,4,1,4,4,4,4,3,4,4,4,4,4,3,4,4,3,3,4,4,4,4,1,4,1,1,3,4
HOMER_Quiz_1050097,,MULTICHOICE,4,1,3,3,3,3,4,3,4,4,3,3,4,3,3,3,4,4,4,4,4,4,4,4,4,3,3,4,4,4,3,3,1,4,3,3,4,4,2,3,3,4,2,4,3,4,4,3,3,3,3,3,4,4,3,3,2,4,4,4,4,4,4,3,3,4,4,4,4,4,4,4,3,4,4,3,2,4,4,2,4,4,4,4,4,3,4,4,3,4,4,3,4,3,3,4,4,4,2,4,3,4,3,4,4,2,4,4,4,4,4,3,4,4,3,3,3,4,4,4,3,2,3,4,4,4,3,4,4,4,4,3,4,3,3,3,3,2,3,4,3,4,4,3,3,3,4,4,3,4,4,4,3,3,4,4,3,4,3,2,4,4,3,4,2,4,2,4,3,4,3,3,3,4
HOMER_Quiz_1050098,,MULTICHOICE,1,1,1,1,3,1,3,2,1,3,3,2,1,3,1,2,1,1,1,1,1,1,1,1,1,2,1,2,3,3,1,1,1,3,2,2,3,1,3,1,3,3,3,2,1,2,3,1,1,2,3,1,1,3,2,1,1,3,3,1,3,3,1,3,1,1,1,1,1,1,3,2,3,2,3,1,3,3,1,1,3,3,1,1,1,1,1,3,1,1,3,1,2,1,1,3,1,1,1,2,1,1,2,3,1,3,3,3,2,2,1,1,3,1,1,3,3,2,3,1,1,1,1,1,1,3,3,1,1,3,2,3,3,1,3,1,2,2,2,3,1,3,1,1,2,2,3,3,3,1,1,1,3,2,1,1,2,1,3,2,1,1,3,1,1,1,3,2,2,2,1,1,3,1
HOMER_Quiz_1050099,,MULTICHOICE,2,1,2,3,2,2,2,2,2,1,2,2,2,2,3,1,2,2,2,1,2,2,2,2,2,3,2,2,2,2,3,3,1,2,3,2,2,2,3,3,3,2,2,2,3,2,2,2,2,2,2,2,2,2,2,3,3,2,2,2,2,2,3,3,2,3,2,2,2,2,3,2,3,2,2,2,3,3,2,2,2,2,2,2,2,1,2,2,2,1,3,2,3,3,3,2,2,2,2,3,3,2,2,2,3,2,2,2,2,2,2,4,2,2,2,2,2,2,2,2,3,2,2,3,2,2,2,3,2,2,3,3,2,2,3,2,1,2,2,2,2,2,2,2,2,2,2,3,2,2,1,4,2,2,2,1,2,2,3,3,2,2,2,2,3,2,2,2,3,3,3,2,2,2
HOMER_Quiz_1050100,,MULTICHOICE,1,1,1,1,3,1,3,1,1,1,1,3,1,3,1,1,1,1,1,1,1,1,1,3,4,1,1,1,1,1,1,1,1,1,1,1,1,3,4,1,1,1,3,1,1,1,1,1,1,1,1,1,1,1,1,1,1,3,1,3,1,1,1,1,1,1,1,1,1,1,1,4,1,1,1,1,1,1,1,1,1,1,1,1,1,1,1,4,1,1,1,1,2,1,1,1,1,1,1,3,1,1,3,3,1,3,1,1,1,1,1,3,1,3,1,1,1,1,3,1,1,1,1,1,3,1,4,1,1,1,1,3,1,1,1,1,1,1,1,1,1,1,1,1,1,1,1,3,3,1,1,1,1,1,1,1,1,1,1,1,1,1,1,1,3,1,1,1,1,2,1,1,1,1
HOMER_Quiz_1050101,,MULTICHOICE,3,1,4,3,1,2,3,3,3,2,4,3,3,2,3,3,4,3,2,4,3,3,1,2,2,2,4,2,4,2,3,3,2,3,3,2,2,2,2,3,1,3,3,3,3,3,2,3,3,2,2,3,3,3,3,4,3,3,3,3,3,3,3,1,3,3,2,4,3,1,3,3,2,2,3,3,3,3,4,3,4,3,3,3,3,4,2,1,4,2,4,2,1,3,2,3,2,3,3,2,3,3,3,3,3,3,2,4,3,2,3,2,3,4,1,1,3,2,2,3,2,4,4,3,2,2,4,1,2,3,3,3,2,3,2,3,3,3,3,4,3,3,3,2,2,2,4,3,3,3,3,3,1,4,2,3,3,3,3,2,3,2,3,3,3,3,3,3,1,1,2,3,2,2
HOMER_Quiz_1050102,,MULTICHOICE,2,1,4,2,2,2,2,2,3,2,3,3,2,3,1,3,2,1,2,2,2,2,4,2,2,3,2,2,3,2,2,2,2,2,2,2,2,3,2,2,2,2,2,3,2,2,2,2,2,3,2,2,2,2,2,3,2,2,2,2,2,3,2,2,2,3,3,3,2,3,2,3,2,2,2,4,2,2,2,3,2,3,2,3,2,2,2,3,3,2,2,2,2,1,2,2,2,3,2,2,3,2,2,1,2,2,3,2,2,2,2,3,2,2,4,2,2,2,2,2,3,2,2,3,3,2,3,3,1,3,3,3,2,3,1,2,2,2,2,4,4,2,2,2,2,2,3,2,3,2,2,2,3,2,2,3,1,2,4,2,2,2,1,2,1,2,3,2,2,2,2,2,4,2
HOMER_Quiz_1050103,,MULTICHOICE,3,1,3,3,4,2,3,3,3,3,3,3,3,3,3,3,4,3,3,3,3,1,4,2,3,3,1,3,3,3,2,1,4,3,3,3,3,3,3,3,3,4,2,3,3,3,3,2,3,2,3,3,3,3,3,3,3,3,3,3,3,1,3,3,3,3,3,4,3,2,3,3,3,3,1,4,4,3,3,3,2,2,3,3,3,3,3,3,3,3,4,3,1,4,3,3,3,1,3,2,3,3,3,3,2,3,1,3,3,3,3,3,3,3,3,3,1,3,4,3,3,3,1,4,3,1,2,4,4,3,3,3,3,4,3,3,3,1,4,3,2,3,3,3,3,3,2,3,3,3,3,3,2,4,3,1,3,3,3,3,3,3,3,3,3,3,1,2,3,3,3,1,4,3
HOMER_Quiz_1050104,,MULTICHOICE,1,1,1,1,3,1,1,1,1,1,1,1,1,2,1,1,1,1,1,1,1,1,1,1,1,1,1,1,1,1,1,1,1,1,1,1,1,1,1,1,1,4,1,1,1,1,1,1,1,4,1,1,1,1,3,1,1,1,1,4,1,1,1,1,1,1,1,2,1,1,3,1,4,3,4,1,1,1,1,1,1,1,1,1,1,1,1,1,1,1,1,1,1,4,1,2,3,4,1,1,1,1,1,1,1,1,1,4,1,1,1,1,1,1,3,1,1,3,1,1,1,1,1,1,1,1,1,1,1,1,1,1,1,1,1,1,1,1,1,1,1,4,1,1,1,1,4,1,1,1,1,1,1,1,1,1,1,1,1,1,1,1,1,1,1,1,1,1,3,1,1,1,3,1
HOMER_Quiz_1050105,,MULTICHOICE,4,1,4,4,3,4,3,4,4,4,4,4,4,4,4,4,4,2,4,4,3,4,4,4,4,4,2,4,4,4,4,4,4,4,4,4,4,4,4,4,4,4,4,4,4,4,4,4,4,4,3,4,4,4,4,4,4,3,3,4,4,4,4,4,4,4,4,4,3,4,4,4,4,3,3,4,4,4,4,4,4,4,4,4,4,4,4,3,4,4,4,3,4,2,4,4,4,4,4,4,4,4,4,4,3,4,4,4,4,4,4,3,4,4,4,4,4,4,1,4,3,4,4,4,4,4,4,4,4,4,4,4,4,4,4,3,4,3,4,4,3,4,4,4,1,1,3,3,4,4,4,4,4,4,3,3,4,4,4,4,4,4,4,4,4,4,4,1,4,1,4,3,4,3
HOMER_Quiz_1050106,,MULTICHOICE,3,1,4,4,3,2,4,3,1,3,3,3,3,3,3,2,4,3,2,3,4,3,3,3,2,3,3,2,3,3,4,3,3,3,3,2,2,3,2,3,4,4,3,2,2,3,3,2,3,3,3,2,3,3,3,3,3,3,3,3,3,3,3,3,3,3,3,3,3,3,2,4,3,3,3,3,4,3,2,3,4,3,4,3,3,2,3,2,2,3,3,3,3,2,3,3,2,3,3,3,3,3,3,4,3,3,3,3,3,3,3,2,3,3,3,3,3,4,3,3,4,4,3,4,4,4,1,1,3,4,3,4,3,3,3,4,3,3,3,3,1,3,3,2,2,2,2,3,3,3,3,2,4,3,3,3,3,3,2,2,3,2,3,3,3,3,2,4,4,3,2,3,2,4
HOMER_Quiz_1050107,,MULTICHOICE,2,1,2,4,2,2,3,2,2,4,2,2,2,2,3,2,2,4,4,2,2,2,2,2,4,2,2,4,2,2,2,4,2,2,2,2,2,2,2,2,2,4,2,2,2,2,3,2,3,2,2,2,2,2,2,2,4,3,3,2,2,2,2,2,2,2,4,2,2,2,2,3,3,3,2,2,3,2,2,2,2,2,2,3,2,2,2,4,2,2,2,2,2,3,2,2,2,3,2,2,2,2,2,3,2,3,2,2,2,4,2,4,2,3,2,2,2,2,2,2,3,4,2,3,2,2,3,4,2,2,4,3,2,4,3,2,2,3,2,2,2,2,4,2,2,2,2,2,2,2,2,3,3,2,2,2,2,2,4,2,3,2,2,4,2,4,2,2,2,2,3,2,3,2
HOMER_Quiz_1050108,,MULTICHOICE,2,1,2,2,2,2,4,2,2,4,3,2,2,1,4,4,3,2,2,2,2,2,1,2,2,2,2,2,2,3,2,2,3,2,4,3,2,3,2,4,4,2,2,2,2,2,2,3,4,4,2,3,4,2,3,3,3,2,2,2,3,4,3,3,2,3,3,2,2,4,4,4,2,3,2,1,2,2,3,2,2,2,3,3,3,2,3,4,3,2,2,3,3,3,1,1,2,3,2,3,2,4,3,3,2,3,4,3,3,2,4,2,4,2,2,2,1,4,2,2,2,2,2,2,3,2,3,4,2,2,2,3,3,2,3,4,1,2,4,2,2,2,3,2,4,4,3,2,4,3,3,2,2,3,2,2,2,2,2,3,2,2,3,2,3,2,2,2,2,4,4,2,1,2
HOMER_Quiz_1050109,,MULTICHOICE,1,1,1,1,1,1,1,1,2,1,1,1,1,1,1,1,1,1,1,1,1,2,1,1,1,1,2,1,1,1,1,1,1,1,1,1,1,1,1,1,4,1,1,4,1,1,1,4,1,1,1,1,1,1,1,1,1,1,1,4,1,4,2,2,1,1,1,2,2,1,1,1,1,1,4,1,1,1,2,1,1,2,1,1,2,1,2,1,4,1,1,1,2,1,1,1,2,1,2,1,1,1,2,1,2,1,2,4,1,2,4,1,1,2,1,1,2,1,1,1,1,1,2,1,1,4,2,1,1,1,2,1,1,1,1,1,1,1,1,1,1,1,1,1,1,1,1,4,1,2,1,1,4,1,1,1,1,2,1,1,2,1,1,1,1,1,1,1,1,1,1,4,1,1
HOMER_Quiz_1050110,,MULTICHOICE,4,1,1,4,3,4,4,4,4,4,2,4,4,1,4,1,4,3,1,4,4,4,4,4,4,4,4,4,4,4,4,4,4,4,4,4,4,4,4,4,4,4,4,4,3,3,4,3,4,4,4,1,1,4,4,4,4,4,3,4,4,3,4,4,4,4,4,1,4,4,4,4,4,4,3,3,4,4,4,4,4,4,4,2,4,4,3,4,4,4,1,4,4,3,4,4,4,4,4,4,1,4,4,4,4,4,4,4,4,3,4,4,4,4,4,4,4,4,3,4,4,4,4,4,2,4,4,4,4,4,4,3,4,4,4,4,4,4,4,4,4,4,4,3,4,4,1,4,4,4,4,4,4,4,4,4,4,4,4,4,3,4,1,4,4,3,4,4,4,4,4,4,3,3
HOMER_Quiz_1050111,,MULTICHOICE,2,1,4,2,2,4,2,2,2,2,2,4,2,4,1,4,4,4,4,2,4,4,4,1,2,4,2,2,1,2,4,2,2,2,2,2,2,2,2,2,2,2,2,4,2,2,2,2,2,2,2,2,2,2,4,4,2,2,2,2,2,4,2,4,1,2,1,2,1,1,4,4,1,2,4,1,2,2,4,2,4,2,2,2,2,2,1,2,2,2,2,1,1,4,2,4,4,2,1,2,2,4,4,1,2,4,2,2,2,2,2,4,4,1,4,2,4,2,2,2,2,2,2,1,1,1,1,2,2,2,2,4,4,2,2,2,2,2,4,4,2,2,4,4,4,4,4,2,2,2,2,2,4,2,2,4,2,2,2,4,2,1,4,4,2,2,2,2,1,2,4,2,2,2
HOMER_Quiz_1050112,,MULTICHOICE,3,1,1,3,3,3,1,3,3,3,3,2,3,3,2,3,3,1,3,3,1,2,2,3,3,3,1,3,3,3,3,3,3,3,3,3,3,3,3,3,3,1,3,3,3,3,1,1,3,3,2,3,3,3,1,3,3,3,3,1,3,3,3,3,3,3,3,1,3,3,3,3,2,3,3,3,3,3,3,3,3,3,3,3,3,3,3,3,3,3,3,3,3,3,3,3,3,3,3,3,3,3,3,1,3,2,3,1,3,3,3,1,2,3,3,3,3,3,3,3,3,3,3,1,3,3,3,3,3,3,3,3,3,3,1,3,3,3,3,2,3,3,3,3,3,3,3,3,1,1,2,3,1,1,3,3,3,3,1,2,3,3,3,3,3,3,3,3,2,3,3,3,3,3
HOMER_Quiz_1050113,,MULTICHOICE,2,1,2,2,2,2,2,2,2,2,2,2,2,2,4,2,2,4,2,3,4,2,2,2,2,2,2,2,2,2,2,2,2,4,2,2,2,3,2,2,2,2,2,2,2,2,2,2,3,2,2,2,2,2,2,2,2,2,2,2,2,2,4,2,2,4,2,2,2,2,2,2,2,2,2,3,2,2,2,2,2,2,2,2,2,4,2,2,2,2,2,2,2,2,2,2,2,2,4,2,3,2,2,2,4,2,2,2,2,2,2,2,3,2,2,2,2,2,2,2,2,2,2,2,2,2,2,2,2,2,2,2,2,2,3,2,2,2,2,2,2,2,2,2,2,2,2,2,2,2,2,2,2,2,2,3,3,2,2,3,3,2,2,2,2,2,2,2,2,2,2,2,2,2
HOMER_Quiz_1050114,,MULTICHOICE,2,1,2,2,1,2,2,2,2,4,2,3,2,2,2,2,2,2,2,2,2,4,2,2,2,2,2,2,2,2,4,2,2,2,2,1,2,2,2,4,2,2,2,4,4,2,2,2,2,4,2,2,2,4,4,2,2,2,2,2,2,2,2,3,2,2,2,4,2,4,2,2,4,2,2,2,2,2,2,2,2,3,2,2,2,4,2,2,4,2,2,2,1,2,4,2,3,2,2,2,4,2,1,2,2,2,4,2,2,2,2,2,2,2,3,2,2,2,2,2,1,2,2,2,4,2,4,2,2,4,2,2,2,2,2,2,1,2,2,2,2,2,2,4,2,2,4,4,2,2,2,4,2,2,2,2,2,1,2,1,2,2,2,2,2,2,2,2,2,2,2,2,4,2
HOMER_Quiz_1050115,,MULTICHOICE,4,1,3,4,4,4,3,4,4,3,4,4,4,2,4,4,2,3,4,4,4,4,4,4,2,3,1,2,3,4,4,4,2,2,2,4,4,4,4,4,3,4,4,4,4,4,4,4,4,4,1,4,4,4,4,4,4,4,4,4,4,4,3,4,4,2,4,4,3,4,4,3,4,4,2,4,4,4,3,4,4,4,4,4,4,4,4,3,3,4,3,4,3,3,4,4,4,4,4,4,3,4,4,4,4,4,3,2,4,4,4,3,2,4,3,4,4,4,4,4,4,4,4,4,3,2,4,4,4,4,4,4,3,4,3,4,4,3,4,4,4,4,2,4,2,2,4,4,4,4,4,3,3,2,4,2,3,4,2,4,4,4,2,4,4,4,3,3,4,4,4,2,4,2
HOMER_Quiz_1050116,,MULTICHOICE,4,1,4,4,3,3,3,4,4,3,4,3,4,4,4,4,4,4,4,3,3,3,3,4,4,2,2,4,4,4,4,2,3,4,3,3,4,4,4,3,4,4,3,4,4,3,3,3,4,2,3,2,4,4,3,3,4,4,4,3,3,3,4,3,4,4,4,4,3,4,3,3,3,4,4,3,3,4,2,4,4,4,3,4,3,3,4,3,4,4,4,3,2,4,4,4,4,4,4,4,3,4,3,4,4,4,4,3,3,4,4,3,4,4,4,4,2,4,3,4,3,4,3,4,4,4,4,3,2,3,4,4,3,4,4,3,4,4,3,4,4,3,4,4,2,2,3,4,4,4,3,3,3,4,4,4,4,4,3,3,3,4,4,2,4,4,4,4,2,4,4,3,3,4
HOMER_Quiz_1050117,,MULTICHOICE,3,1,3,3,4,3,3,3,2,3,3,1,3,4,3,3,3,3,4,3,3,3,4,3,1,3,3,3,3,3,4,3,3,3,3,3,3,3,3,3,3,3,3,3,4,3,3,1,4,3,3,3,3,3,1,3,3,4,3,4,3,4,3,4,3,3,4,3,2,4,4,3,4,3,4,3,3,3,3,3,1,3,3,3,3,3,3,3,3,3,3,3,3,2,3,3,2,3,4,3,3,3,3,4,3,3,3,3,3,3,3,3,3,3,3,3,3,3,3,3,4,3,3,3,3,3,2,1,3,3,3,3,3,3,3,3,3,3,3,3,4,3,2,4,3,3,4,3,3,3,2,3,3,3,3,3,4,3,3,4,3,3,4,3,3,3,3,3,2,3,4,2,3,3
HOMER_Quiz_1050118,,MULTICHOICE,1,1,1,1,2,1,1,1,1,1,1,2,1,1,1,1,2,1,1,1,1,1,1,1,1,1,1,1,1,1,1,1,1,1,1,1,1,1,1,1,1,1,1,1,1,1,1,1,1,1,1,1,1,1,2,1,1,1,1,1,1,1,1,1,1,1,1,1,1,1,1,1,1,1,1,1,1,1,1,1,1,1,1,1,1,1,1,1,1,1,1,1,1,1,1,1,1,1,1,1,1,1,1,1,1,1,1,1,1,1,1,1,1,1,1,1,1,1,1,1,1,1,1,1,1,1,1,1,1,1,1,1,1,1,1,1,1,1,1,1,1,1,1,1,1,1,1,1,1,1,1,1,1,1,1,1,1,1,1,1,1,1,1,1,1,1,1,1,1,1,1,1,1,1
HOMER_Quiz_1050119,,MULTICHOICE,4,1,4,4,4,4,4,4,4,4,4,1,4,4,4,4,4,2,4,4,4,4,1,4,4,1,4,4,4,4,4,4,4,4,4,4,4,4,4,4,1,4,4,4,4,1,4,4,1,4,4,4,4,4,4,4,4,4,4,2,4,4,4,4,4,4,1,4,4,1,4,1,4,4,4,4,4,1,1,4,4,4,4,4,4,4,4,1,4,4,4,2,4,2,1,4,4,1,4,4,4,4,4,4,4,1,4,4,4,4,4,4,4,1,4,4,4,1,4,1,4,4,1,4,2,1,2,4,1,4,2,2,4,4,4,4,4,2,4,4,4,4,4,4,4,4,4,4,4,4,4,4,4,4,4,4,4,4,4,2,4,4,1,4,4,4,4,1,4,4,1,4,4,4
HOMER_Quiz_1050120,,MULTICHOICE,3,1,3,3,3,3,3,3,2,3,3,2,3,3,3,3,3,3,2,3,3,3,2,2,2,3,4,3,2,2,3,3,3,3,3,3,3,3,3,2,3,2,3,2,3,3,3,3,3,2,2,3,3,3,2,4,3,3,4,2,3,3,3,3,3,2,3,3,3,3,3,3,3,4,3,4,2,3,3,3,1,3,3,3,3,3,3,2,2,3,3,3,3,3,3,3,3,3,3,3,3,3,2,3,2,3,2,3,3,3,3,2,3,3,4,3,2,2,2,3,2,3,3,3,2,3,3,2,3,2,2,3,3,2,3,3,4,2,3,3,3,3,4,3,4,4,2,3,2,3,2,2,2,2,2,3,3,3,4,3,3,2,3,3,3,2,2,3,3,2,3,3,4,3
HOMER_Quiz_1050121,,MULTICHOICE,3,1,4,3,3,4,3,3,3,4,3,4,3,3,3,3,3,4,3,3,3,3,3,3,3,4,3,3,3,3,4,3,4,4,3,4,3,4,3,3,4,4,3,3,4,3,3,4,3,3,4,3,3,4,3,3,3,3,3,4,3,4,4,3,3,3,4,4,3,3,3,3,3,3,3,3,3,3,3,3,3,3,3,3,3,3,3,3,4,2,3,3,4,4,3,4,3,4,3,3,3,3,4,3,3,4,3,4,3,4,3,3,3,3,3,2,3,3,3,3,3,4,4,4,3,3,3,3,3,3,3,3,3,4,4,3,3,3,3,4,4,3,4,3,3,3,4,3,3,3,3,3,4,4,3,3,3,3,4,3,4,3,3,3,3,3,3,4,3,3,3,4,3,3
HOMER_Quiz_1050122,,MULTICHOICE,4,1,4,3,3,4,2,2,2,4,2,1,4,2,2,2,2,2,2,1,2,2,2,2,4,4,4,2,2,4,2,4,4,2,2,2,2,2,3,2,2,1,2,2,2,4,3,2,2,4,2,2,2,2,2,3,2,4,2,2,2,2,4,2,2,2,4,2,2,2,1,2,2,2,2,2,2,2,1,4,2,4,1,2,4,2,2,2,3,4,4,2,1,2,2,1,2,2,2,4,2,2,4,2,3,2,3,2,2,2,2,2,2,4,2,2,2,2,2,4,3,2,2,1,2,2,4,2,2,1,2,2,3,2,2,2,2,2,4,2,2,2,2,2,3,3,2,4,2,2,2,2,2,2,2,4,2,2,2,3,2,4,2,1,4,2,2,2,2,2,2,2,2,4
HOMER_Quiz_1050123,,MULTICHOICE,4,1,4,4,2,1,4,4,4,4,4,4,4,4,4,4,4,4,4,4,4,4,4,4,4,4,2,4,4,4,4,4,1,1,4,4,4,4,1,4,1,4,4,1,4,4,4,4,4,4,4,4,4,4,4,1,4,4,4,4,4,1,4,4,1,4,1,4,1,4,4,4,4,4,4,1,4,4,1,1,1,4,4,1,4,4,4,4,1,4,4,4,1,4,4,1,4,4,4,1,4,4,4,4,4,4,4,2,4,4,4,4,1,4,1,4,4,4,4,4,1,4,4,4,1,4,4,4,4,4,4,4,1,4,4,4,4,4,4,4,4,4,4,4,4,4,1,4,4,4,4,4,1,4,4,4,4,4,3,1,4,4,4,4,4,4,4,4,4,4,4,4,4,1
HOMER_Quiz_1050124,,MULTICHOICE,4,1,3,3,4,4,3,4,4,4,4,4,4,3,4,3,4,2,4,4,4,3,4,4,3,4,4,4,4,4,4,3,3,4,4,3,3,3,4,3,4,3,4,4,3,4,3,4,3,4,4,3,4,4,3,4,3,3,4,4,3,3,3,3,3,4,4,3,4,2,4,4,4,3,4,4,4,3,4,4,4,4,4,3,4,3,4,3,4,4,3,3,3,4,4,4,1,3,4,3,3,4,3,3,4,3,3,4,4,2,4,4,4,4,3,4,4,4,3,4,4,4,4,2,1,3,3,4,4,3,4,4,4,4,4,3,4,4,3,4,2,3,3,4,4,4,4,3,4,3,3,4,3,3,3,4,3,1,4,4,2,4,4,4,4,4,4,4,4,3,4,4,1,4
HOMER_Quiz_1050125,,MULTICHOICE,4,1,4,4,4,1,2,4,4,4,4,4,4,1,4,4,3,4,3,4,4,4,3,4,4,2,4,4,3,4,4,3,4,3,4,4,4,2,4,4,4,4,4,2,4,4,4,1,4,3,4,4,4,1,3,4,4,4,4,4,2,3,1,1,4,4,4,4,3,3,4,1,4,4,4,4,4,4,3,3,1,4,3,4,2,4,4,4,4,4,4,4,4,4,4,3,4,4,4,4,4,4,4,3,4,4,4,1,4,4,3,3,3,4,4,4,4,1,4,4,4,4,3,3,4,4,1,4,3,4,4,3,3,4,3,4,4,3,1,2,1,4,4,3,4,4,1,4,4,3,3,3,4,1,4,2,4,4,4,3,4,4,3,4,4,4,4,4,3,3,4,4,1,4
HOMER_Quiz_1050126,,MULTICHOICE,1,1,1,1,1,3,1,1,1,1,1,3,1,1,1,3,1,1,1,1,1,1,1,1,1,1,1,4,1,1,1,1,1,1,1,3,1,1,3,1,1,3,1,3,1,1,1,1,1,1,1,2,1,3,1,1,1,1,1,1,1,1,1,3,1,1,3,1,1,1,1,1,1,1,2,1,3,3,1,2,1,1,3,1,1,1,1,1,3,1,1,1,3,1,1,2,1,3,1,3,1,1,1,1,1,1,1,1,3,1,1,1,1,1,3,1,1,1,3,1,1,1,1,1,1,1,1,1,1,1,1,3,1,1,1,1,1,1,3,1,1,1,1,3,2,2,1,1,1,1,1,3,1,1,1,1,1,1,3,1,1,1,3,1,1,1,1,1,1,1,1,1,1,1
HOMER_Quiz_1050127,,MULTICHOICE,2,1,2,2,4,2,4,2,2,2,2,2,2,2,2,2,2,2,2,2,2,2,2,2,2,2,2,4,2,2,2,2,2,2,2,2,2,2,2,2,2,2,2,2,2,2,2,2,2,2,2,2,2,2,2,4,2,2,2,2,4,2,2,2,2,2,2,2,2,2,2,2,2,2,4,2,4,4,2,2,2,2,4,2,2,2,2,2,2,2,2,2,2,2,2,2,2,2,2,2,4,2,2,2,2,2,2,2,4,2,4,2,2,4,4,2,2,2,2,2,2,2,2,2,2,2,2,4,2,2,2,2,2,2,2,2,2,2,2,2,2,2,2,2,2,2,4,2,4,2,2,2,4,2,2,2,2,2,2,2,2,2,2,2,2,2,2,2,2,2,2,2,2,2
HOMER_Quiz_1050128,,MULTICHOICE,2,1,2,2,2,2,2,2,2,2,2,2,2,2,2,1,2,2,2,2,2,2,2,2,2,2,2,2,2,2,2,2,2,1,2,1,2,2,2,2,2,2,2,1,1,2,2,1,2,2,2,1,2,2,2,2,2,2,2,2,2,2,2,2,2,2,1,2,2,2,1,2,2,1,2,1,2,2,1,2,2,2,2,2,2,2,2,2,2,2,2,2,1,2,2,2,2,2,2,2,2,2,2,2,2,2,2,2,2,2,2,2,2,2,2,2,2,2,2,2,2,2,2,2,1,2,1,2,2,2,2,2,2,2,2,2,2,2,2,2,2,1,2,2,2,2,1,2,2,2,1,2,2,1,2,2,2,2,2,2,2,2,2,2,2,2,2,2,1,2,2,2,2,2
HOMER_Quiz_1050129,,MULTICHOICE,4,1,2,4,4,1,3,2,1,4,4,1,1,4,4,1,4,4,4,4,3,2,2,2,4,4,1,1,4,2,4,4,4,3,3,2,4,4,4,2,2,2,2,1,2,4,2,2,2,3,4,1,4,4,4,4,2,4,4,4,4,1,4,4,4,4,4,2,4,2,2,4,4,4,2,1,2,2,1,4,4,4,3,2,4,2,1,4,1,4,4,4,4,1,2,4,2,4,1,1,4,4,4,4,1,2,4,4,3,4,2,1,2,4,4,4,3,4,1,1,3,3,2,4,2,1,4,1,4,4,2,2,4,2,4,4,2,4,2,4,2,4,4,4,2,2,3,2,4,4,4,4,4,1,4,2,4,4,4,2,2,1,4,4,4,1,3,4,2,4,2,3,4,3
HOMER_Quiz_1050130,,MULTICHOICE,3,1,3,3,1,3,3,3,3,3,3,3,3,1,3,3,1,3,1,3,3,3,1,3,3,3,1,3,3,1,3,3,3,3,3,4,3,3,1,3,3,3,3,3,3,3,3,1,3,3,3,3,1,3,4,1,3,3,3,3,1,3,3,1,3,1,3,1,1,3,3,3,3,3,3,3,3,3,3,3,3,4,3,3,3,1,1,3,1,3,3,1,2,3,3,1,1,3,3,2,3,1,1,3,4,1,3,3,3,1,1,3,3,1,3,1,3,1,1,3,3,3,3,3,1,3,1,1,3,3,3,1,3,1,1,1,3,1,3,1,1,3,2,1,3,3,3,3,1,3,1,3,2,3,3,1,3,3,3,3,3,3,2,3,3,3,3,3,3,3,1,3,3,3
HOMER_Quiz_1050131,,MULTICHOICE,1,1,1,1,1,1,1,1,2,1,2,1,1,1,1,1,1,1,1,1,4,1,1,1,1,1,1,1,1,1,1,1,1,1,1,4,1,1,1,1,1,1,1,1,1,1,1,1,1,1,1,1,1,1,1,1,1,1,1,1,1,1,1,1,1,1,1,1,1,1,1,1,1,1,1,1,1,1,1,1,1,1,1,1,1,1,1,1,1,2,1,1,1,1,1,1,1,1,1,1,1,1,1,1,1,1,1,1,1,1,1,1,2,1,1,1,1,1,1,1,1,1,1,2,1,1,1,1,1,1,1,1,1,1,1,1,1,1,1,1,1,1,1,1,1,1,1,1,1,1,1,1,1,1,1,1,1,1,1,1,1,1,1,1,1,1,1,1,1,1,1,1,1,1
HOMER_Quiz_1050132,,MULTICHOICE,2,1,3,2,4,2,2,3,3,3,2,2,3,3,2,2,2,3,2,3,3,2,2,4,2,2,3,3,3,4,3,3,2,2,2,2,3,1,2,2,3,3,2,3,2,2,3,2,2,2,3,2,2,2,3,2,2,3,2,3,3,2,3,2,2,3,1,3,2,2,2,2,2,3,2,2,3,1,2,3,3,3,1,3,3,2,2,3,2,2,3,3,3,3,3,3,3,2,2,1,4,4,4,2,2,2,3,3,3,3,2,4,3,3,4,2,2,2,2,2,2,3,2,3,3,4,3,3,2,3,4,2,3,3,1,2,3,1,4,2,2,4,1,2,4,4,3,2,3,2,3,2,2,2,2,1,3,2,3,1,3,2,3,2,3,2,3,2,4,1,4,2,3,1
HOMER_Quiz_1050133,,MULTICHOICE,4,1,4,4,4,3,4,4,4,4,3,4,4,3,4,4,4,3,3,3,4,4,4,4,4,3,4,4,4,4,3,3,3,3,3,1,3,4,3,4,4,4,4,4,4,4,3,4,3,4,4,4,3,3,4,4,3,3,4,3,4,3,4,3,4,4,4,3,3,4,3,4,4,4,3,4,4,4,3,3,3,4,3,3,3,4,3,2,4,4,3,4,1,4,4,4,4,4,4,3,4,3,4,3,3,1,4,4,4,4,4,4,4,4,4,4,4,4,4,4,3,4,4,3,4,4,4,3,3,4,4,4,3,4,4,4,4,4,4,4,3,3,3,4,4,4,4,4,3,4,4,4,4,4,4,3,4,4,4,3,4,4,4,4,3,3,2,4,4,4,4,4,4,4
HOMER_Quiz_1050134,,MULTICHOICE,2,1,2,3,3,3,2,2,3,3,2,3,3,2,2,2,2,2,2,2,2,2,3,2,2,2,2,2,2,2,3,3,3,2,3,3,2,3,2,2,2,2,2,2,3,2,2,3,3,2,3,3,2,3,3,2,2,2,2,2,3,2,3,3,3,2,2,2,2,2,4,2,2,2,4,2,2,2,3,2,3,2,2,3,2,2,2,2,3,3,2,2,2,2,2,2,3,3,3,2,2,2,3,3,3,3,2,3,3,2,2,3,2,2,3,2,2,2,2,2,3,2,2,3,2,2,2,2,2,3,2,3,2,3,3,2,2,2,3,4,2,4,2,3,3,3,3,2,2,3,2,1,2,4,2,3,2,3,2,3,2,3,2,3,2,2,2,3,3,2,2,2,3,1
HOMER_Quiz_1050135,,MULTICHOICE,2,1,2,2,1,2,1,1,2,2,2,2,2,1,1,2,2,2,1,2,1,2,1,3,1,2,1,2,1,1,4,1,3,1,1,4,1,1,1,1,2,1,1,2,2,2,1,2,2,1,1,2,2,2,1,2,2,2,4,1,1,1,1,1,2,1,1,2,1,1,1,4,3,1,1,2,2,2,2,2,1,2,1,2,1,1,1,2,2,1,1,2,2,1,1,2,1,1,1,2,2,2,1,2,3,2,2,1,3,2,2,1,2,1,1,2,3,1,2,2,4,1,1,1,1,4,2,1,1,2,2,2,1,2,2,2,1,1,1,2,1,1,1,2,2,2,2,2,2,1,1,1,2,1,1,2,2,2,1,1,1,2,2,1,1,1,1,2,1,2,1,1,2,2
HOMER_Quiz_1050136,,MULTICHOICE,3,1,3,3,3,3,3,3,3,1,3,3,3,3,3,3,3,1,3,3,3,3,1,1,3,3,4,1,3,1,3,3,3,3,3,1,1,1,3,3,1,3,3,3,3,3,3,1,3,3,1,3,3,3,3,3,3,3,3,3,3,1,1,3,3,1,1,1,1,3,3,1,1,3,3,1,3,3,3,3,3,1,1,3,3,1,4,3,3,2,1,3,3,3,3,1,3,1,3,3,1,3,3,1,1,1,1,1,3,4,3,3,1,3,3,1,3,1,3,3,3,3,3,3,4,3,3,3,3,3,3,3,3,3,1,1,3,3,3,3,3,3,3,3,1,1,3,3,3,1,1,3,3,1,3,3,3,3,3,1,3,3,3,1,3,3,3,1,1,3,3,1,3,1
HOMER_Quiz_1050137,,MULTICHOICE,2,1,2,3,2,2,4,4,4,2,2,4,2,4,2,2,2,2,2,1,2,2,2,2,3,2,3,2,2,2,2,2,4,2,2,4,2,2,2,2,2,2,2,2,4,2,4,2,2,2,2,3,2,2,2,3,2,2,2,4,2,2,2,2,4,2,2,4,2,2,3,2,2,4,4,2,4,2,4,4,2,2,2,2,2,4,2,2,2,4,2,2,2,2,2,2,2,2,4,2,2,4,2,4,4,3,2,4,4,2,2,2,2,2,2,2,2,2,2,2,2,2,2,2,4,2,2,4,2,2,4,4,2,4,2,2,2,2,2,2,2,3,2,2,4,4,2,4,2,2,2,2,1,2,2,4,4,2,2,2,2,2,4,4,1,2,3,2,4,3,2,4,2,4
HOMER_Quiz_1050138,,MULTICHOICE,2,1,2,2,2,2,2,4,2,2,4,4,2,3,2,2,2,2,2,2,2,2,2,2,2,2,4,2,2,2,3,2,2,2,2,2,2,4,2,2,2,2,2,2,2,2,2,4,2,2,2,3,2,2,4,4,2,2,2,2,2,2,2,3,2,4,2,2,2,1,3,2,4,2,2,2,2,2,2,2,2,2,2,2,2,2,2,3,4,2,2,2,2,2,2,2,2,2,2,2,2,2,2,4,2,2,2,2,2,2,2,3,2,2,4,2,2,2,3,2,2,2,2,4,2,2,2,2,2,2,2,2,2,2,2,2,2,2,2,2,2,4,4,1,4,4,2,2,2,2,2,2,4,2,2,2,2,2,2,2,2,2,2,2,2,2,2,2,2,2,2,2,2,2
HOMER_Quiz_1050139,,MULTICHOICE,4,1,2,4,4,4,3,4,3,2,3,4,4,3,4,1,3,3,3,4,4,4,4,4,4,4,4,3,4,3,3,3,3,4,4,2,3,3,4,3,4,3,3,2,3,4,4,3,4,3,3,3,3,4,4,4,4,4,4,3,4,4,4,4,4,4,3,3,3,3,3,4,4,4,4,3,2,4,4,4,3,3,4,4,4,4,4,4,4,3,3,3,4,3,2,3,3,3,4,4,4,3,4,4,3,3,4,4,4,4,4,4,3,3,3,3,3,3,3,4,4,3,4,4,3,1,2,4,4,3,4,4,4,4,3,4,4,3,4,4,3,1,3,3,4,4,3,4,4,4,3,2,3,4,4,4,4,4,3,3,4,3,4,3,4,3,3,4,3,3,3,2,3,4
