MED520 Preclin Comp Exam - C2016 - 20140523,,,,,,,,,,,,,,,,,,,,,,,,,,,,,,,,,,,,,,,,,,,,,,,,,,,,,,,,,,,,,,,,,,,,,,,,,,,,,,,,,,,,,,,,,,,,,,,,,,,,,,,,,,,,,,,,,,,,,,,,,,,,,,,,,,,,,,,,,,,,,,,,,,,,,,,,,,,,,,,,,,,,,,,,,,
Raw MCQ data for group: Class of 2016 Med (6576|4),,,,,,,,,,,,,,,,,,,,,,,,,,,,,,,,,,,,,,,,,,,,,,,,,,,,,,,,,,,,,,,,,,,,,,,,,,,,,,,,,,,,,,,,,,,,,,,,,,,,,,,,,,,,,,,,,,,,,,,,,,,,,,,,,,,,,,,,,,,,,,,,,,,,,,,,,,,,,,,,,,,,,,,,,,
,,,,,,,,,,,,,,,,,,,,,,,,,,,,,,,,,,,,,,,,,,,,,,,,,,,,,,,,,,,,,,,,,,,,,,,,,,,,,,,,,,,,,,,,,,,,,,,,,,,,,,,,,,,,,,,,,,,,,,,,,,,,,,,,,,,,,,,,,,,,,,,,,,,,,,,,,,,,,,,,,,,,,,,,,,
Question Identifier,Category,Question Type,Correct Response,Weight,Response Data,,,,,,,,,,,,,,,,,,,,,,,,,,,,,,,,,,,,,,,,,,,,,,,,,,,,,,,,,,,,,,,,,,,,,,,,,,,,,,,,,,,,,,,,,,,,,,,,,,,,,,,,,,,,,,,,,,,,,,,,,,,,,,,,,,,,,,,,,,,,,,,,,,,,,,,,,,,,,,,,,,,,,
,,,,,,,,,,,,,,,,,,,,,,,,,,,,,,,,,,,,,,,,,,,,,,,,,,,,,,,,,,,,,,,,,,,,,,,,,,,,,,,,,,,,,,,,,,,,,,,,,,,,,,,,,,,,,,,,,,,,,,,,,,,,,,,,,,,,,,,,,,,,,,,,,,,,,,,,,,,,,,,,,,,,,,,,,,
User Identifiers, , , , ,5762,6600,6601,6602,6603,6604,6605,6606,6607,6608,6609,6610,6611,6612,6613,6614,6615,6616,6617,6618,6619,6620,6621,6622,6623,6624,6625,6626,6627,6628,6629,6630,6631,6632,6633,6634,6635,6636,6637,6638,6639,6640,6641,6642,6643,6644,6645,6646,6647,6648,6649,6650,6651,6652,6653,6654,6655,6656,6657,6658,6659,6660,6661,6662,6663,6665,6666,6667,6668,6669,6670,6671,6672,6673,6674,6675,6676,6677,6678,6679,6680,6681,6682,6683,6684,6685,6686,6687,6688,6689,6690,6691,6692,6693,6694,6695,6696,6697,6698,6699,6700,6701,6702,6703,6704,6705,6706,6707,6708,6709,6710,6711,6712,6713,6714,6715,6716,6717,6718,6719,6720,6721,6722,6724,6725,6726,6727,6728,6729,6730,6731,6732,6733,6734,6735,6736,6737,6738,6739,6740,6741,6742,6743,6744,6745,6746,6747,6748,6749,6750,6751,6752,6753,6754,6755,6756,6757,6758,6759,6760,6761,6762,6763,6764,6765,6766
HOMER_QUIZ_1051610,ENDOCRINE,MULTICHOICE,1,1,1,1,1,1,1,1,1,1,1,1,1,1,1,1,1,1,1,1,1,1,1,1,1,1,1,1,1,1,1,1,1,1,1,1,1,1,1,1,1,1,1,1,1,1,1,1,1,1,1,1,1,1,1,1,1,1,1,1,1,1,1,1,1,1,1,1,1,1,1,1,1,1,1,1,1,1,1,1,1,1,1,1,1,1,1,1,1,1,1,1,1,1,1,1,1,1,1,1,1,1,1,1,1,1,1,1,1,1,1,1,1,1,1,1,1,1,1,1,1,1,1,1,1,1,1,1,1,1,1,1,1,1,1,4,1,1,1,1,1,1,1,1,1,1,1,1,1,1,1,1,1,1,1,1,1,1,1,1,1,1,1,1,1,1,1,1
HOMER_QUIZ_1051619,ENDOCRINE,MULTICHOICE,2,1,2,2,2,2,1,2,1,2,1,2,1,1,2,2,2,1,2,2,2,1,2,2,2,1,2,1,2,1,2,2,2,2,1,2,2,2,2,2,2,2,1,2,1,2,2,1,2,2,2,2,3,2,2,1,1,2,1,2,2,1,1,2,1,2,2,1,1,1,2,1,2,2,2,1,1,2,1,2,1,1,2,2,1,1,2,2,1,2,1,1,1,1,2,2,2,1,2,4,2,1,1,2,2,2,1,1,1,1,2,2,2,1,2,2,2,2,2,2,1,2,1,1,2,1,1,1,2,2,2,2,1,1,1,1,1,1,1,1,2,2,2,2,2,2,1,2,2,2,1,1,2,2,2,1,1,2,2,2,2,2,2,1,2,2,2,2
HOMER_QUIZ_1051601,ENDOCRINE,MULTICHOICE,3,1,1,3,3,1,1,3,1,1,3,3,1,3,2,3,4,3,1,3,3,3,1,1,1,3,2,3,3,1,1,3,3,3,1,1,3,1,3,2,3,3,3,2,3,3,1,3,1,1,3,3,3,3,4,3,2,1,3,3,3,1,3,3,3,2,1,3,3,1,3,1,1,2,4,1,3,1,4,3,3,3,2,3,2,2,1,3,4,3,1,2,3,2,3,3,4,3,2,2,3,3,1,2,3,3,3,3,2,3,3,1,1,3,3,3,3,3,1,1,3,3,1,3,3,2,3,3,3,3,3,3,1,1,4,4,3,2,3,3,3,3,1,3,1,1,2,3,3,3,1,2,3,3,3,3,3,3,3,4,1,2,1,1,3,4,3,1
HOMER_QUIZ_1051620,ENDOCRINE,MULTICHOICE,3,1,3,3,3,3,2,2,3,2,1,3,2,2,4,3,3,3,3,2,2,2,2,3,2,3,3,2,2,2,1,3,1,3,4,3,3,1,1,1,3,2,3,1,4,3,1,2,3,1,2,3,3,3,3,2,3,3,1,2,3,2,2,4,3,2,3,3,2,2,2,2,3,3,3,3,3,3,2,3,3,3,2,2,2,4,2,3,3,2,3,3,2,2,2,3,2,1,2,3,3,3,3,1,2,4,1,1,3,2,2,3,2,3,3,2,3,2,1,3,2,3,2,3,1,2,2,1,3,2,2,3,2,3,3,1,2,2,3,2,4,1,4,4,3,1,3,3,3,3,2,3,4,2,3,3,3,3,4,3,3,3,3,2,4,3,3,2
HOMER_QUIZ_1051626,ENDOCRINE,MULTICHOICE,3,1,3,3,3,3,4,3,2,4,3,2,3,3,3,3,3,3,3,3,3,3,2,3,4,3,4,3,3,1,3,3,4,3,3,3,3,3,3,4,3,3,2,3,3,3,3,2,4,3,4,3,3,3,3,3,3,3,3,3,4,3,1,3,3,3,3,3,3,3,3,3,3,3,3,3,3,3,3,3,3,1,4,3,3,3,4,3,2,3,3,3,3,4,3,3,3,4,3,2,4,3,3,3,3,3,3,1,3,3,3,3,4,3,4,3,3,3,1,3,3,3,4,3,2,3,3,3,3,3,3,4,3,3,1,4,4,4,3,1,4,1,3,3,3,3,1,1,3,4,3,3,3,3,3,3,3,3,3,4,3,1,3,3,4,3,3,4
HOMER_QUIZ_1051627,ENDOCRINE,MULTICHOICE,3,1,3,3,3,3,3,1,1,3,3,3,3,2,3,3,2,3,3,3,3,3,3,3,3,3,3,3,3,3,3,3,3,1,3,3,3,3,3,3,3,3,3,3,3,3,3,3,3,1,3,3,3,3,3,3,3,3,3,3,3,3,3,3,3,3,3,2,3,1,3,3,3,3,1,3,3,2,3,3,3,3,3,2,3,3,3,3,3,3,3,3,3,3,1,3,3,1,3,3,3,3,3,3,3,3,3,3,3,3,3,3,3,3,3,3,3,3,3,3,3,3,3,3,3,3,3,3,3,4,3,3,1,3,3,2,3,3,3,3,3,3,3,3,3,3,3,3,3,3,3,2,3,3,3,3,2,3,3,3,3,3,3,3,3,2,3,3
HOMER_QUIZ_1051621,MUSCULOSKELETAL,MULTICHOICE,1,1,1,1,2,1,1,1,1,4,1,1,2,1,1,1,1,1,1,1,1,1,1,1,1,1,1,1,1,1,1,1,1,1,1,1,1,1,1,4,1,1,1,1,1,1,3,1,1,1,1,1,1,1,1,1,1,1,1,1,1,1,1,1,1,1,1,2,1,1,1,1,2,1,1,1,1,4,1,1,2,1,1,1,1,1,1,3,1,1,1,1,1,1,1,1,1,1,1,1,1,1,1,1,1,1,1,1,1,1,1,1,1,1,4,1,1,1,1,1,1,1,1,1,1,1,1,1,1,1,1,1,1,1,1,1,1,1,1,1,1,1,1,1,1,1,1,1,1,4,1,1,1,1,1,1,1,1,1,1,1,1,1,1,1,1,1,1
HOMER_QUIZ_1051622,MUSCULOSKELETAL,MULTICHOICE,3,1,3,3,1,3,1,3,3,3,3,3,1,1,3,3,3,3,1,3,3,3,3,3,3,3,3,3,3,3,3,3,3,3,1,1,3,3,3,3,3,3,3,3,3,3,3,4,3,3,3,3,3,3,3,3,2,3,3,3,3,3,3,3,3,3,3,3,3,3,1,3,3,1,3,3,3,3,3,3,3,1,3,3,3,3,3,3,3,2,3,3,3,3,3,3,3,3,3,3,3,3,3,3,3,3,3,3,3,1,3,3,3,3,1,3,3,3,1,3,3,3,3,3,3,3,3,3,3,3,3,3,3,3,3,3,3,3,3,3,3,2,3,3,3,3,3,3,3,3,3,3,3,3,3,3,2,1,3,3,3,3,3,3,3,3,3,3
HOMER_QUIZ_1051623,MUSCULOSKELETAL,MULTICHOICE,3,1,4,3,4,4,3,4,3,4,4,3,3,1,3,3,3,3,4,3,3,4,3,3,4,3,3,3,3,4,3,3,1,3,3,3,3,4,3,4,3,4,3,3,3,3,3,3,4,3,4,4,3,3,4,3,3,3,3,4,3,4,4,3,3,3,3,3,3,3,4,4,4,3,3,3,3,4,3,4,4,3,4,3,3,4,3,4,3,3,3,3,3,3,3,4,3,4,4,3,3,3,4,4,3,3,3,3,3,4,4,3,3,3,4,4,3,3,3,3,4,4,4,4,3,4,3,3,4,4,4,3,3,3,3,3,4,1,4,4,3,3,4,3,3,4,4,3,3,4,3,4,4,3,4,4,3,4,3,3,3,4,3,3,4,1,4,3
HOMER_QUIZ_1051624,MUSCULOSKELETAL,MULTICHOICE,1,1,1,1,1,1,3,3,1,2,1,3,1,2,2,3,2,1,3,1,1,1,2,3,2,3,1,1,1,3,2,1,1,3,3,2,1,2,1,1,3,3,4,1,3,2,2,1,2,1,1,2,2,1,3,2,1,1,2,1,1,3,1,1,2,1,1,1,1,3,3,2,1,1,2,2,3,2,2,2,3,2,1,3,1,3,3,1,1,1,2,1,2,3,2,2,2,1,1,3,2,2,1,2,1,1,2,4,3,2,3,1,2,3,4,2,3,2,3,1,1,4,3,1,2,2,1,2,3,2,2,1,1,2,3,3,3,3,2,1,2,3,1,3,1,3,3,3,1,3,1,1,3,1,1,3,1,3,1,1,3,1,1,1,1,3,1,1
HOMER_QUIZ_1051625,MUSCULOSKELETAL,MULTICHOICE,2,1,2,2,1,4,2,2,2,2,2,3,2,2,2,2,2,2,2,1,2,2,1,2,2,2,2,2,2,4,2,2,2,4,2,2,2,2,1,2,3,2,2,2,2,2,2,2,1,2,2,2,2,2,2,2,2,2,2,2,1,4,2,2,2,2,2,1,2,1,4,2,2,4,2,2,3,2,2,1,2,2,4,2,2,2,2,2,2,2,2,2,4,2,2,2,2,2,4,2,1,1,2,2,2,3,2,4,2,2,1,2,1,2,2,2,1,2,2,4,2,4,4,2,2,2,2,2,1,1,2,2,2,2,2,3,2,2,2,2,1,2,2,2,2,2,2,1,2,2,2,2,4,2,2,2,2,2,2,2,4,2,2,2,2,2,2,2
HOMER_QUIZ_1051555,MUSCULOSKELETAL,MULTICHOICE,3,1,3,3,3,3,3,3,3,3,3,1,3,3,3,3,3,3,2,3,3,1,3,3,3,3,3,3,3,3,3,3,3,3,3,3,3,2,3,3,3,3,3,3,3,3,1,3,3,3,1,3,3,3,3,3,3,3,3,3,3,1,3,3,3,3,3,3,3,3,1,1,3,2,3,3,3,2,1,3,1,3,3,3,3,1,3,3,3,3,3,3,3,1,3,3,1,3,3,3,1,3,1,3,3,3,1,3,1,3,3,3,1,3,3,1,3,3,3,3,3,1,3,1,3,1,3,1,3,3,1,3,3,1,1,1,1,3,3,3,1,1,3,3,3,3,3,3,3,3,3,3,3,3,3,3,3,3,3,3,3,3,3,3,3,3,3,1
HOMER_QUIZ_1051556,MUSCULOSKELETAL,MULTICHOICE,5,1,5,5,5,5,5,5,5,5,5,3,5,5,5,3,5,4,5,5,5,5,5,3,5,5,5,5,5,4,5,5,5,5,5,5,5,5,4,5,5,5,5,5,4,5,5,5,5,3,5,4,5,5,4,5,4,5,5,5,4,5,4,5,5,4,5,4,4,5,4,5,3,4,5,5,4,3,4,5,4,4,3,5,5,4,4,5,3,3,4,4,5,4,4,5,5,5,4,3,5,4,4,5,5,5,3,5,5,5,5,5,4,5,5,5,5,5,4,5,5,4,4,3,5,5,5,5,4,5,4,5,3,5,3,5,5,5,5,3,4,5,4,5,5,5,5,3,5,5,5,4,5,5,5,5,5,5,4,5,5,4,5,5,5,4,5,5
HOMER_QUIZ_1051557,ONCOLOGY,MULTICHOICE,4,1,4,4,4,4,4,4,4,4,4,4,4,4,4,4,4,4,4,4,4,4,4,4,2,4,4,4,4,4,4,4,4,4,4,4,4,4,4,4,4,1,4,4,4,4,4,4,4,4,5,4,4,4,3,4,4,4,4,4,4,4,4,4,1,4,4,4,4,4,4,4,4,4,1,4,4,4,4,4,4,4,4,1,4,1,4,4,4,4,4,4,4,4,4,4,4,4,4,4,4,4,4,4,4,4,4,4,4,4,4,4,3,4,1,4,4,4,4,4,1,4,4,4,4,4,4,4,4,4,4,4,4,4,4,1,4,4,4,4,4,4,4,4,4,4,1,1,4,4,4,4,4,4,4,4,4,1,4,4,4,4,4,4,4,4,4,4
HOMER_QUIZ_1051571,ONCOLOGY,MULTICHOICE,4,1,3,4,4,4,4,4,4,4,4,4,4,1,4,4,4,4,4,3,4,4,4,4,4,5,3,4,4,4,4,4,4,4,5,4,4,4,4,4,4,4,4,4,4,4,4,3,4,3,4,4,4,4,4,4,4,4,4,4,4,3,4,4,4,4,1,4,4,4,2,5,4,4,4,4,4,4,4,4,4,4,4,4,4,4,4,4,3,4,4,4,4,1,4,4,4,4,4,4,4,4,4,4,4,4,3,3,4,4,4,4,4,4,5,1,4,4,4,3,4,4,4,4,4,4,4,4,4,3,4,4,3,4,4,4,4,4,4,3,4,4,4,4,4,4,1,4,4,1,4,4,4,3,4,4,4,4,4,4,4,4,4,3,4,5,4,3
HOMER_QUIZ_1051558,ONCOLOGY,MULTICHOICE,5,1,5,2,5,5,5,5,5,5,5,5,5,5,5,5,5,5,5,5,5,5,5,5,5,5,5,5,5,5,5,5,5,5,5,2,5,5,5,5,5,5,5,5,5,5,5,5,5,1,2,5,5,5,5,5,1,5,5,5,5,5,5,5,5,5,5,5,5,5,5,5,5,2,5,5,5,5,5,5,5,5,5,5,5,5,5,5,5,5,5,5,5,5,5,5,5,2,5,5,5,5,5,5,5,5,5,5,5,5,5,5,5,5,5,5,5,5,5,5,5,5,5,5,5,5,5,5,5,5,5,5,5,5,5,2,5,5,4,5,5,5,5,5,5,5,3,5,5,5,5,5,5,5,5,5,5,5,5,5,5,1,5,5,5,5,5,5
HOMER_QUIZ_1051628,ONCOLOGY,MULTICHOICE,3,1,3,3,3,3,3,3,3,3,3,3,3,3,3,3,3,3,3,3,3,3,3,3,3,3,3,3,3,3,3,1,3,3,3,3,3,3,3,3,3,3,3,3,3,3,3,3,3,3,3,3,3,3,3,3,3,3,3,3,3,3,3,3,3,3,3,3,3,3,3,3,3,3,3,3,3,3,3,3,3,3,3,3,3,3,3,3,3,3,3,1,3,3,1,3,3,3,3,3,3,1,3,3,3,3,3,1,3,3,3,3,3,3,3,3,3,3,3,3,3,3,3,3,3,3,3,3,3,3,3,3,3,1,1,4,3,3,3,3,3,3,3,3,3,3,4,1,3,3,3,3,3,3,3,3,3,3,3,3,3,3,3,3,3,3,3,3
HOMER_QUIZ_1051559,NEUROSCIENCES,MULTICHOICE,4,1,4,4,4,4,4,4,4,4,4,4,4,4,4,4,4,4,4,4,4,4,3,3,4,3,4,4,4,3,4,4,4,4,3,4,4,3,4,4,4,4,4,3,4,4,4,4,4,4,4,4,3,4,3,4,4,4,1,4,4,4,4,4,4,4,4,3,4,4,4,3,3,3,3,4,3,1,3,3,4,4,4,4,4,4,4,3,4,4,4,4,3,4,4,4,4,4,4,4,4,4,4,4,4,4,4,4,4,4,4,4,4,4,3,4,4,4,4,4,4,1,4,4,4,4,4,4,4,4,4,4,4,4,3,4,4,4,4,3,4,4,4,4,4,4,3,4,4,4,4,4,4,4,4,4,4,4,4,4,4,4,4,4,4,4,4,4
HOMER_QUIZ_1051629,NEUROSCIENCES,MULTICHOICE,2,1,4,1,4,1,1,4,2,3,2,1,1,2,3,1,2,1,4,2,1,2,2,3,3,3,2,2,2,4,1,1,2,3,4,2,3,4,2,1,2,2,1,1,2,2,1,2,2,3,2,1,2,1,2,1,1,1,2,1,2,2,1,1,3,2,1,2,1,2,1,1,1,1,3,1,2,2,2,1,2,2,1,2,2,1,3,4,3,2,3,2,2,2,3,2,4,1,4,2,1,2,4,2,3,1,4,2,3,2,4,4,2,2,1,1,4,2,1,4,4,2,3,2,4,2,1,3,3,1,3,2,1,3,2,4,2,3,3,1,2,2,2,2,2,2,1,2,1,4,4,2,1,1,1,2,1,4,1,2,2,4,2,2,1,2,1,2
HOMER_QUIZ_1051630,NEUROSCIENCES,MULTICHOICE,3,1,3,2,3,3,3,2,3,2,2,2,2,2,3,3,3,3,3,3,2,2,2,3,3,3,2,2,2,3,2,3,2,3,2,3,3,3,3,2,2,2,3,2,2,3,3,2,3,3,3,3,3,3,2,3,3,2,3,2,3,3,2,3,2,3,3,2,3,2,2,3,3,2,2,3,2,3,2,3,2,2,3,3,3,3,2,3,3,2,3,2,2,3,3,3,3,2,3,2,2,3,2,3,3,3,3,3,3,2,2,3,2,2,3,2,2,3,2,2,3,2,2,3,2,2,3,2,2,2,3,2,2,2,3,3,2,2,2,3,2,2,3,3,3,2,3,3,3,2,2,2,2,3,3,2,3,2,3,2,3,3,2,3,2,2,3,3
HOMER_QUIZ_1051560,NEUROSCIENCES,MULTICHOICE,1,1,2,1,1,2,1,1,1,1,2,1,1,1,1,2,2,1,1,2,1,1,1,1,1,1,2,1,1,1,2,2,4,1,1,1,1,1,1,1,1,1,1,1,1,1,1,1,1,1,1,2,1,1,1,1,1,1,2,1,1,1,1,1,1,1,1,1,1,1,1,1,1,1,1,3,1,1,2,1,1,1,1,1,1,1,2,1,1,1,1,1,2,2,1,1,1,1,4,2,2,1,1,1,1,2,1,2,1,1,1,1,4,1,2,1,1,2,1,1,4,2,2,2,1,1,1,1,2,1,1,1,1,2,1,2,2,1,1,2,1,1,2,1,1,1,1,1,1,1,2,2,1,1,1,1,1,2,1,2,2,1,1,1,1,2,1,1
HOMER_QUIZ_1051561,NEUROSCIENCES,MULTICHOICE,4,1,4,4,4,2,4,4,4,2,2,4,4,4,4,2,4,2,4,4,2,4,4,4,4,4,2,4,4,2,2,4,2,2,4,2,3,3,4,2,2,3,3,3,4,4,4,2,3,4,4,4,2,2,3,3,4,3,3,4,4,4,4,4,4,1,4,4,4,4,4,4,4,4,4,2,2,3,3,4,2,4,4,4,4,3,4,4,3,4,4,4,4,4,4,2,4,4,4,4,3,4,4,2,4,2,4,4,3,4,4,4,2,2,3,2,4,4,2,4,4,2,2,3,4,4,4,4,4,3,4,4,4,2,4,4,4,2,2,3,4,3,3,4,4,4,3,2,3,4,4,4,3,4,4,3,4,2,2,4,2,4,4,2,3,4,2,4
HOMER_QUIZ_1051562,NEUROSCIENCES,MULTICHOICE,1,1,1,3,3,3,3,1,3,3,3,3,3,1,3,3,3,3,4,3,3,1,1,1,3,3,3,3,1,3,3,3,3,3,3,3,1,3,3,3,4,1,2,1,3,1,3,3,3,3,3,3,3,1,3,2,3,3,3,3,3,3,3,4,3,3,3,3,3,3,3,1,3,1,1,3,1,3,4,3,3,3,3,1,4,3,3,1,3,1,3,1,3,3,1,3,3,3,3,3,2,3,3,3,3,3,3,3,3,3,3,1,3,3,3,3,1,3,3,3,3,3,3,1,3,3,1,3,3,3,1,3,3,1,3,3,3,3,3,3,3,3,1,3,3,3,3,3,3,3,1,3,3,3,3,1,3,3,3,3,3,3,3,3,3,3,1,4
HOMER_QUIZ_1051572,NEUROSCIENCES,MULTICHOICE,4,1,2,2,3,3,4,4,1,4,4,4,4,3,4,4,4,2,4,4,3,4,4,1,1,3,4,4,4,4,4,4,4,1,3,4,4,2,4,4,4,4,4,4,2,4,1,2,4,1,4,4,4,4,3,4,1,4,3,4,1,4,2,4,4,4,4,4,1,1,4,3,4,3,2,2,4,3,4,4,4,3,4,1,4,4,4,3,4,4,3,4,1,4,4,4,4,3,4,4,4,4,4,4,4,4,4,3,4,4,4,4,3,4,3,4,4,4,4,4,4,3,4,4,3,3,1,4,4,2,4,4,4,4,1,3,1,3,4,4,4,4,1,2,3,3,4,1,3,4,4,4,4,1,4,4,1,4,4,3,4,3,4,4,4,1,4,4
HOMER_QUIZ_1051602,NEUROSCIENCES,MULTICHOICE,3,1,3,3,3,3,3,3,3,3,3,3,2,2,3,3,3,3,3,3,3,3,3,3,2,3,3,3,3,1,3,3,1,3,4,2,1,3,3,3,3,3,3,3,3,3,3,3,3,3,1,3,3,3,3,3,3,2,3,3,2,3,3,3,3,3,3,3,2,3,3,3,3,4,1,2,3,3,3,3,3,2,2,3,3,3,3,3,3,3,3,3,3,3,3,3,2,3,3,3,2,3,3,3,3,3,3,3,3,3,3,3,3,3,3,3,3,2,3,3,3,3,2,3,3,2,3,3,3,3,3,3,3,3,3,3,4,2,2,3,3,3,3,3,3,2,2,3,2,3,3,3,3,3,3,3,3,2,3,3,3,3,3,3,3,3,3,3
HOMER_QUIZ_1051553,NEUROSCIENCES,MULTICHOICE,2,1,4,1,2,2,1,2,3,2,2,1,1,1,2,2,2,2,1,1,2,1,2,2,2,3,2,2,2,1,2,1,3,2,2,1,2,1,1,1,2,2,3,1,2,1,1,2,1,1,2,1,1,2,1,2,2,2,1,3,2,1,1,1,3,2,2,1,2,1,1,1,2,1,3,2,1,1,3,2,2,1,3,2,2,1,2,2,1,2,1,2,2,1,2,2,2,2,1,1,2,1,1,1,2,2,2,1,2,2,3,1,1,1,2,1,2,1,3,2,2,3,3,2,4,2,3,1,4,2,1,2,2,1,1,1,1,2,1,1,2,1,2,3,1,2,3,3,4,2,1,1,3,2,1,1,1,1,2,2,2,1,2,1,1,1,2,1
HOMER_QUIZ_1051603,NEUROSCIENCES,MULTICHOICE,4,1,4,3,3,3,2,3,3,3,4,3,2,3,4,4,4,3,4,3,3,4,3,3,2,3,3,4,3,4,4,3,4,2,3,4,3,3,4,3,2,4,4,4,4,4,4,4,3,4,3,4,3,1,3,4,4,3,3,3,3,4,4,4,4,4,4,3,1,4,4,4,1,4,2,3,2,4,4,4,3,3,4,2,4,3,3,3,3,2,3,4,4,4,4,3,4,4,3,3,3,4,4,3,4,3,4,4,4,4,4,3,1,4,4,3,4,4,4,4,3,4,4,4,4,3,4,3,3,3,4,4,4,3,4,4,2,4,4,4,3,4,4,4,3,4,4,3,2,3,3,4,4,4,4,2,3,4,1,4,4,4,4,4,4,4,4,4
HOMER_QUIZ_1051563,NEUROSCIENCES,MULTICHOICE,4,1,4,4,4,4,4,2,4,4,4,4,4,4,4,4,4,4,4,4,4,4,4,4,4,4,4,4,4,4,4,4,4,4,4,4,4,4,4,4,4,4,4,4,4,4,4,4,4,4,4,4,4,4,4,4,4,4,4,4,4,4,4,4,4,4,4,4,4,4,4,4,4,4,4,4,4,4,4,3,4,4,4,4,4,4,4,4,4,4,4,4,4,4,4,4,4,4,4,4,4,2,4,4,4,4,4,4,4,4,4,4,4,4,4,4,4,4,4,4,4,2,2,4,4,4,4,4,4,4,4,4,4,4,4,4,4,4,4,4,4,4,4,4,2,4,4,4,4,4,4,4,4,4,4,4,4,4,4,4,4,4,4,4,4,4,4,4
HOMER_QUIZ_1051642,GASTROENTEROLOGY,MULTICHOICE,4,1,4,4,3,2,4,2,4,4,4,3,1,2,4,4,2,4,3,4,1,3,4,3,1,3,4,4,3,4,2,1,1,1,1,3,2,2,3,1,2,4,3,2,1,3,1,3,4,3,2,2,1,4,3,3,1,4,3,4,2,3,1,4,1,4,2,3,4,2,3,3,2,2,1,4,2,1,3,3,3,4,3,1,4,3,3,2,3,2,2,3,3,1,1,2,3,1,3,3,4,2,4,1,4,2,2,1,4,2,3,4,3,4,1,4,2,2,1,3,3,3,1,4,3,4,3,4,3,3,2,3,2,3,1,4,1,3,3,3,2,2,2,2,4,2,1,3,3,3,2,1,2,4,4,4,3,4,4,4,3,3,4,4,4,4,4,3
HOMER_QUIZ_1051573,GASTROENTEROLOGY,MULTICHOICE,4,1,1,4,4,4,3,4,3,2,4,3,4,4,4,3,4,4,4,3,4,4,4,4,2,4,4,3,4,1,4,4,2,3,4,4,4,4,4,3,3,3,2,3,3,1,4,2,4,4,3,4,3,4,4,4,2,4,2,4,2,1,1,4,3,4,4,3,4,3,4,2,2,2,4,3,3,2,4,2,4,4,3,4,2,3,4,4,3,4,4,4,2,2,4,4,3,4,3,4,4,1,4,4,4,3,4,3,4,2,3,4,4,4,3,3,4,4,4,4,4,4,4,4,4,4,4,4,3,3,4,4,4,1,4,2,3,3,4,3,4,3,4,4,4,4,3,2,1,4,4,2,4,3,4,4,3,3,4,4,3,4,4,4,4,2,4,4
HOMER_QUIZ_1051643,GASTROENTEROLOGY,MULTICHOICE,4,1,4,4,4,4,4,4,3,4,4,4,4,4,4,4,4,4,4,4,4,4,4,4,4,4,4,4,4,4,4,4,4,4,4,4,4,4,4,4,4,4,4,4,4,4,4,4,4,4,4,4,4,4,4,4,4,4,4,4,4,4,4,4,4,4,4,4,4,4,4,4,4,4,4,4,4,4,4,4,4,4,4,4,4,4,4,4,4,4,4,4,4,4,4,4,4,4,4,4,4,4,4,4,4,4,4,4,4,4,4,4,4,4,2,4,4,4,4,4,4,4,4,4,4,4,4,4,4,4,4,4,4,4,4,4,2,4,4,4,4,4,4,4,4,4,4,4,4,4,4,4,2,4,4,4,4,4,4,4,4,4,4,4,4,4,4,4
HOMER_QUIZ_1051605,GASTROENTEROLOGY,MULTICHOICE,4,1,4,4,4,4,4,4,5,4,4,3,3,4,4,4,4,4,4,4,4,4,4,4,4,4,4,4,4,4,4,4,4,4,4,4,4,4,4,4,4,4,4,4,4,4,4,4,4,4,4,4,4,4,4,4,4,4,4,4,4,4,4,4,4,4,4,4,4,4,4,4,4,5,4,4,4,4,4,4,4,4,4,4,4,3,4,4,4,4,5,4,2,4,4,2,4,4,4,5,4,4,3,4,4,4,4,4,4,5,4,4,2,4,4,4,4,4,4,4,4,4,4,3,4,4,4,4,4,4,3,4,4,4,4,4,4,4,4,4,4,4,4,4,4,4,4,4,4,5,5,2,4,4,4,4,4,4,4,4,4,4,4,4,4,4,4,4
HOMER_QUIZ_1051565,GASTROENTEROLOGY,MULTICHOICE,3,1,1,1,4,3,1,1,1,3,1,3,3,1,3,2,1,1,3,1,3,3,3,3,1,1,1,1,3,3,1,2,3,3,1,3,3,3,3,3,1,1,3,3,1,3,2,3,3,1,1,3,1,3,1,3,3,3,1,1,3,1,1,3,1,3,3,1,3,1,3,3,3,3,3,3,1,3,4,3,1,3,3,1,3,1,1,1,1,2,4,3,1,1,1,1,3,1,1,1,3,3,3,3,3,1,3,3,3,3,3,2,1,3,1,3,3,3,1,3,4,3,1,1,3,1,3,1,3,1,3,1,3,3,1,2,3,1,4,1,3,1,3,1,3,1,3,3,3,3,1,1,1,1,3,3,1,3,1,3,1,2,3,3,3,1,3,3
HOMER_QUIZ_1051566,GASTROENTEROLOGY,MULTICHOICE,1,1,1,1,1,1,3,1,1,1,4,4,1,4,1,1,1,1,1,4,4,1,2,1,3,1,1,1,1,1,1,1,1,1,1,1,1,1,4,4,1,1,1,4,1,1,1,1,1,1,1,1,1,1,4,2,1,4,1,1,4,1,1,1,1,1,1,1,4,1,1,1,1,4,1,1,2,1,1,1,1,1,1,1,1,1,1,1,1,1,1,1,1,2,1,2,1,1,1,4,3,1,2,4,1,2,1,1,1,3,4,1,1,1,4,1,1,1,1,1,1,4,1,3,1,1,1,4,4,1,1,1,1,4,1,4,2,4,1,1,1,1,1,1,1,2,4,1,1,1,1,1,1,1,1,3,1,1,1,1,1,1,1,1,1,1,1,1
HOMER_QUIZ_1051567,REPRODUCTIVE MEDICINE,MULTICHOICE,3,1,3,3,3,3,3,3,3,3,3,2,3,3,3,3,3,3,3,3,3,3,3,3,3,3,3,3,3,3,3,3,3,2,3,3,3,3,3,3,3,3,3,3,3,3,3,3,3,3,3,3,3,3,3,3,3,3,3,3,3,3,3,3,3,3,3,3,3,3,3,3,3,3,3,3,3,3,3,3,3,3,3,3,3,3,3,3,3,3,3,3,3,1,3,3,3,3,3,3,3,3,3,3,3,3,3,3,3,3,3,3,3,3,3,3,3,3,3,3,3,3,3,3,3,3,3,3,3,3,3,3,3,3,3,5,3,4,3,3,3,3,3,3,3,3,4,3,3,3,3,3,3,3,3,3,3,3,3,3,3,3,3,3,3,3,3,3
HOMER_QUIZ_1051574,REPRODUCTIVE MEDICINE,MULTICHOICE,2,1,2,2,2,2,2,2,4,2,2,4,2,2,2,2,2,2,2,2,2,2,2,2,2,2,2,2,2,2,2,2,2,2,2,2,2,2,2,2,2,2,2,2,2,2,2,2,4,2,2,2,2,2,4,2,2,2,2,2,2,2,2,2,2,2,2,2,2,2,2,2,2,2,2,2,2,2,2,2,2,2,2,2,2,2,2,2,2,1,2,2,2,2,2,2,2,2,2,2,2,2,2,2,2,2,2,1,2,2,2,2,2,4,2,2,2,2,2,2,2,2,2,2,2,2,2,2,2,2,2,2,2,2,2,2,2,2,2,2,2,2,2,2,2,2,2,2,2,2,2,2,2,2,2,2,1,2,2,2,2,2,2,2,2,2,2,2
HOMER_QUIZ_1051575,REPRODUCTIVE MEDICINE,MULTICHOICE,2,1,2,2,2,2,2,2,2,1,2,1,2,2,2,2,2,2,2,2,2,2,2,2,2,2,2,2,2,2,2,2,2,2,2,2,2,2,2,2,2,2,2,2,2,2,2,2,2,2,2,2,2,2,2,2,2,2,2,2,2,2,2,2,2,2,2,2,2,2,2,2,2,2,1,2,2,2,2,2,2,2,2,2,2,2,2,2,2,2,2,2,2,2,2,2,2,2,2,2,2,2,2,2,2,2,2,2,2,2,2,2,3,2,2,2,2,2,2,2,2,2,2,2,2,2,2,2,2,2,2,2,2,2,2,4,4,2,2,2,2,2,2,2,2,2,2,2,2,2,2,2,2,2,2,2,2,2,2,2,2,2,2,2,2,2,2,2
HOMER_QUIZ_1051631,REPRODUCTIVE MEDICINE,MULTICHOICE,5,1,5,5,2,5,5,5,5,5,5,3,5,5,1,1,5,5,2,5,5,1,4,5,2,5,5,2,5,5,5,2,5,1,5,2,5,5,5,1,5,1,5,5,5,5,2,5,5,2,5,5,2,5,5,2,5,1,5,5,1,4,5,5,5,5,2,5,2,5,5,1,5,5,5,5,5,5,5,5,5,5,2,1,5,5,5,2,2,2,4,5,3,5,5,5,5,5,5,5,1,5,5,5,5,5,5,5,5,5,5,5,5,5,2,5,5,1,5,5,5,5,5,1,5,5,5,5,5,2,5,5,5,5,5,5,5,5,1,5,5,5,1,5,5,5,2,1,2,5,5,5,5,3,5,5,5,5,5,5,5,3,5,1,5,5,1,5
HOMER_QUIZ_1051632,REPRODUCTIVE MEDICINE,MULTICHOICE,1,1,3,1,1,1,2,1,1,1,2,1,1,2,3,1,1,1,1,1,1,1,2,1,3,1,1,1,1,2,1,1,1,1,1,1,1,2,1,1,1,1,1,1,1,2,2,2,3,1,3,3,1,1,2,1,1,1,1,1,1,1,1,1,1,1,1,1,1,1,2,1,3,1,3,1,2,1,2,1,1,1,2,1,1,1,1,1,1,2,2,4,1,1,1,1,1,3,1,1,1,1,2,1,1,1,1,1,4,2,1,3,4,1,1,3,1,1,2,3,1,2,1,1,2,1,1,1,1,3,1,1,3,1,1,3,3,3,1,1,1,3,3,1,1,1,2,4,3,1,3,2,1,2,1,1,1,1,1,2,1,1,1,1,3,1,1,1
HOMER_QUIZ_1051576,REPRODUCTIVE MEDICINE,MULTICHOICE,3,1,3,3,3,3,3,3,3,3,3,3,3,3,3,3,3,3,3,3,3,3,3,3,3,3,3,3,3,3,3,3,3,3,3,3,3,3,3,3,3,3,3,3,3,3,3,3,3,3,3,3,3,3,3,3,3,3,3,3,3,3,3,3,3,3,3,3,3,3,3,3,3,3,3,3,3,3,3,3,3,3,3,3,3,3,3,3,3,3,3,3,3,3,3,3,3,3,3,3,3,3,3,3,3,3,3,3,3,3,3,3,3,3,3,3,3,3,3,3,3,3,3,3,3,3,3,3,3,3,3,3,3,3,3,3,3,3,3,3,3,3,3,3,3,3,3,3,3,3,3,3,3,3,3,3,3,3,3,3,3,3,3,3,3,3,3,3
HOMER_QUIZ_1051633,REPRODUCTIVE MEDICINE,MULTICHOICE,2,1,2,2,2,2,2,2,2,2,2,2,2,2,2,2,2,2,1,2,2,1,2,1,4,2,2,2,2,2,2,1,2,1,2,2,2,4,2,2,2,2,2,2,2,2,1,2,2,2,2,2,2,2,4,2,2,2,2,2,2,2,2,2,2,2,2,2,2,2,2,2,2,1,1,2,2,1,1,2,2,1,2,2,2,2,2,2,2,4,2,2,2,2,2,2,2,2,2,2,1,2,2,2,2,2,2,4,2,4,2,2,1,2,2,2,2,2,1,4,2,4,2,2,2,4,1,2,2,2,2,2,2,2,4,1,1,2,1,2,2,2,2,2,2,2,2,2,2,4,2,2,2,1,2,2,2,2,2,2,2,2,2,2,2,2,2,2
HOMER_QUIZ_1051606,INTRODUCTORY BLOCK,MULTICHOICE,2,1,2,2,2,2,2,2,2,2,2,2,2,2,2,2,2,2,2,2,2,2,2,2,1,2,2,2,2,2,2,2,2,2,2,2,2,2,2,2,2,2,2,2,2,2,2,2,2,2,2,2,2,2,2,2,2,2,2,2,2,2,1,2,2,2,2,2,2,2,2,2,2,2,2,2,2,2,2,2,2,2,2,2,2,2,2,2,2,2,2,2,2,2,2,2,2,2,2,1,2,2,2,2,2,2,2,2,2,2,2,2,2,2,2,2,2,2,2,2,2,2,2,2,2,4,2,2,1,2,2,2,2,2,2,4,2,2,2,2,2,2,2,2,2,2,4,2,2,2,2,2,2,2,2,2,2,2,2,2,2,2,2,2,2,2,2,2
HOMER_QUIZ_1051634,INTRODUCTORY BLOCK,MULTICHOICE,2,1,2,2,1,2,1,2,2,1,1,2,1,2,2,1,1,1,1,1,2,2,1,2,2,1,1,1,2,1,1,1,2,1,1,2,1,1,2,2,2,2,1,1,2,2,1,1,1,1,1,1,1,1,1,1,2,1,1,1,1,1,2,1,1,2,1,1,1,1,1,1,2,1,3,1,2,2,2,1,1,1,1,2,1,1,2,1,1,2,2,2,1,1,1,2,2,1,1,1,1,2,1,2,1,1,2,1,2,1,1,2,2,2,2,1,1,2,2,1,2,1,2,2,1,2,2,1,2,1,2,1,2,1,2,1,1,1,1,1,1,1,2,2,2,2,2,1,1,1,1,2,1,2,2,1,2,1,1,2,1,1,2,1,2,2,2,1
HOMER_QUIZ_1051568,INTRODUCTORY BLOCK,MULTICHOICE,2,1,2,2,1,2,2,2,1,2,2,2,2,2,2,2,2,1,2,2,2,1,2,2,2,2,2,1,2,2,2,2,2,2,2,2,2,2,2,1,2,2,2,2,2,2,2,2,2,2,2,2,2,2,2,2,2,2,1,2,1,2,2,2,2,2,2,2,2,2,2,1,2,2,2,2,2,2,1,1,2,2,2,2,2,2,2,2,2,1,2,2,2,2,2,2,2,2,2,1,2,2,2,2,2,2,2,2,1,2,2,2,2,2,2,2,2,2,1,2,2,2,2,2,2,2,1,2,2,2,2,2,2,1,2,1,1,1,2,2,2,2,2,2,2,2,2,2,2,2,2,2,2,2,2,1,2,2,2,2,2,2,2,2,2,2,2,1
HOMER_QUIZ_1051569,INTRODUCTORY BLOCK,MULTICHOICE,1,1,1,1,1,1,1,1,1,2,1,1,1,1,1,1,1,1,1,1,1,1,1,1,1,1,1,1,1,1,1,1,1,1,1,1,1,1,1,1,1,1,1,1,1,1,1,1,1,1,1,1,1,1,1,1,1,1,1,1,1,1,4,1,1,1,1,1,1,1,1,1,1,1,1,1,1,1,1,3,1,1,1,1,1,1,1,1,1,1,1,1,1,1,1,1,1,1,1,1,1,1,1,1,1,1,1,1,1,1,1,1,1,1,1,1,1,1,1,1,1,1,1,1,1,1,1,1,1,1,1,1,1,1,1,1,1,1,1,1,1,1,1,1,1,1,1,1,1,1,1,1,1,1,1,1,2,3,1,1,1,1,1,1,1,1,1,1
HOMER_QUIZ_1051570,INTRODUCTORY BLOCK,MULTICHOICE,4,1,4,4,4,4,4,4,4,4,4,3,4,4,4,4,4,4,4,4,4,4,3,4,4,4,4,4,4,3,4,4,4,4,4,4,4,4,4,4,4,4,4,4,4,4,4,4,4,4,4,4,4,4,4,4,4,4,4,4,4,4,4,4,4,4,4,4,4,4,4,4,4,4,4,4,4,3,4,4,4,4,3,4,4,4,4,4,4,4,4,4,4,4,4,4,4,1,4,3,4,4,4,4,4,4,4,4,4,4,4,4,4,4,4,4,4,4,4,4,4,4,4,4,4,4,4,4,4,4,4,4,4,4,4,4,4,4,4,4,4,4,4,4,4,4,4,4,4,4,4,4,4,4,4,2,4,4,4,4,4,4,4,4,4,4,4,4
HOMER_QUIZ_1051577,CARDIOLOGY,MULTICHOICE,3,1,3,3,3,3,3,3,3,3,3,3,3,3,3,3,1,3,3,3,3,3,3,3,3,3,3,3,3,3,3,3,3,3,3,3,3,1,3,3,3,1,3,3,3,3,3,3,3,3,1,3,1,3,3,3,3,3,3,3,3,3,3,3,3,3,3,3,3,3,3,3,3,3,3,3,3,1,1,3,3,3,3,3,3,3,3,3,3,3,3,3,3,3,3,3,4,2,3,3,3,3,3,3,3,3,3,3,3,3,3,3,1,3,3,3,3,3,3,3,1,3,1,3,3,3,3,3,3,3,3,3,3,3,3,4,3,3,3,3,3,3,3,3,3,3,1,3,3,3,1,3,3,3,3,3,3,3,3,3,3,3,3,3,3,3,3,3
HOMER_QUIZ_1051644,CARDIOLOGY,MULTICHOICE,3,1,3,3,3,1,2,3,3,2,3,2,3,3,2,3,3,3,2,3,3,5,3,3,1,3,3,3,2,2,2,3,3,3,3,3,3,3,3,2,3,3,3,3,3,3,3,3,3,3,3,4,3,3,3,3,3,3,3,3,3,3,2,3,3,3,3,3,3,3,3,3,3,3,3,3,2,3,3,3,3,3,2,3,3,3,3,3,1,3,3,3,1,3,3,4,3,4,2,3,3,3,3,3,3,2,3,1,2,3,3,2,3,3,1,4,3,3,3,3,2,3,3,3,3,2,3,4,2,3,3,2,2,3,3,2,1,3,2,3,3,2,3,3,3,3,5,3,2,2,3,3,3,3,3,3,3,1,3,3,3,3,3,3,2,3,3,3
HOMER_QUIZ_1051578,CARDIOLOGY,MULTICHOICE,2,1,2,2,2,2,2,2,2,2,2,3,2,2,2,2,3,2,2,4,2,3,2,2,2,2,2,2,2,2,2,3,2,2,2,2,2,3,2,3,2,4,3,2,4,2,2,2,2,2,4,2,2,2,3,3,2,2,2,2,2,2,4,2,3,2,2,2,2,2,2,2,2,2,2,4,3,2,3,2,2,3,3,2,2,3,2,2,2,2,3,2,2,2,2,3,2,4,2,2,2,2,2,2,2,2,2,2,3,2,2,2,3,2,2,2,2,2,2,2,2,3,4,3,4,2,2,2,2,2,2,5,2,2,2,2,3,2,2,2,2,2,2,2,2,2,4,3,2,4,2,2,2,2,2,2,2,2,2,2,2,4,2,3,3,2,2,2
HOMER_QUIZ_1051608,CARDIOLOGY,MULTICHOICE,5,1,5,5,4,5,5,5,5,5,4,4,3,4,5,5,5,3,2,5,5,5,5,4,5,5,5,2,4,5,5,5,1,5,5,5,4,2,5,5,5,5,5,5,4,2,5,4,5,3,5,3,5,5,5,3,5,5,5,3,5,5,4,5,5,4,5,5,5,5,5,5,5,3,5,5,2,5,3,5,5,4,5,5,5,4,2,5,5,5,3,5,5,5,2,5,5,4,5,5,4,5,4,2,5,1,5,5,5,5,5,4,5,3,4,2,1,5,1,5,5,5,4,5,5,5,4,5,5,5,5,5,1,5,5,5,5,5,5,5,5,5,5,2,5,2,3,5,4,5,5,5,5,4,5,5,5,5,4,5,5,5,5,5,3,5,5,5
HOMER_QUIZ_1051645,CARDIOLOGY,MULTICHOICE,5,1,5,5,2,5,2,1,5,5,5,1,5,5,5,5,5,5,2,2,5,2,5,5,2,5,5,5,5,2,2,5,3,5,5,4,5,5,5,5,3,5,5,1,5,5,5,5,5,5,5,5,5,5,5,5,1,5,1,5,2,5,3,1,1,1,5,2,5,5,1,1,2,5,4,5,5,4,4,5,5,4,5,5,5,1,1,1,2,5,5,5,1,2,5,5,5,5,1,1,5,2,5,1,5,2,5,5,3,5,2,1,5,1,1,3,5,5,5,5,1,2,5,3,4,5,5,4,3,1,5,1,1,1,5,1,3,5,2,5,5,1,1,5,5,1,3,5,1,2,2,5,3,5,5,5,3,1,1,5,5,5,5,5,5,1,3,5
HOMER_QUIZ_1051609,CARDIOLOGY,MULTICHOICE,4,1,4,4,4,4,4,4,4,4,4,4,4,4,4,4,4,4,4,4,4,4,4,4,4,4,4,4,4,5,4,4,4,4,4,4,4,4,4,4,4,4,4,4,4,4,4,4,4,4,4,4,5,4,4,5,4,4,4,4,4,4,4,4,4,4,4,4,4,4,4,4,5,4,5,4,4,4,4,4,4,4,4,4,4,5,4,4,5,4,4,4,5,4,2,4,5,4,4,5,4,4,4,4,4,5,4,4,4,4,4,4,4,4,4,4,4,5,4,4,4,4,2,4,4,4,4,4,4,4,4,4,4,5,4,5,4,5,4,4,4,4,5,4,4,5,4,4,4,4,4,2,4,4,4,5,4,4,4,4,4,4,4,4,4,4,4,4
HOMER_QUIZ_1051635,INTD410,MULTICHOICE,2,1,2,2,2,2,2,2,2,2,2,2,2,2,2,2,2,2,2,2,2,2,2,2,2,2,2,2,2,2,2,2,1,2,2,2,2,2,2,2,3,2,2,2,2,2,2,2,2,3,2,2,2,2,3,2,2,2,2,2,2,2,2,2,2,2,2,2,2,2,2,2,2,2,2,2,2,2,2,2,2,2,2,2,2,2,2,2,2,2,2,2,2,2,2,2,2,2,2,3,2,2,2,2,2,2,2,2,2,2,3,2,2,2,2,2,2,3,2,2,2,2,3,2,2,2,2,2,2,2,2,2,2,2,2,2,2,2,2,2,2,2,2,2,2,2,2,2,2,2,2,2,2,2,2,2,2,2,2,2,2,2,2,2,2,2,2,2
HOMER_QUIZ_1051580,INTD410,MULTICHOICE,4,1,2,4,2,4,4,2,2,2,2,2,2,4,4,2,4,4,2,2,4,2,2,4,2,4,4,2,4,2,2,4,4,2,2,2,4,2,4,4,4,2,4,2,2,2,4,2,2,4,2,4,4,4,2,4,2,2,2,4,4,4,2,2,4,4,4,4,2,4,2,4,4,3,2,2,4,2,4,2,2,2,4,4,4,4,3,4,2,2,4,4,2,2,2,4,2,2,2,4,4,4,4,4,4,4,2,4,4,4,4,2,2,2,2,4,4,4,4,2,2,2,4,2,4,2,4,4,2,2,2,4,4,4,2,3,4,4,2,4,4,4,2,4,4,2,2,2,4,2,2,2,4,2,4,2,2,4,4,4,2,4,4,4,2,4,4,4
HOMER_QUIZ_1051581,INTD410,MULTICHOICE,1,1,1,1,1,1,1,1,1,1,1,1,1,1,1,1,2,1,1,2,1,1,1,1,1,1,1,1,1,1,1,1,1,1,1,2,1,1,1,1,1,1,1,2,1,1,1,1,1,1,1,1,1,1,1,1,1,1,1,1,1,1,1,1,1,1,1,1,1,1,1,1,1,1,1,1,1,1,1,1,1,1,1,1,1,1,1,1,2,1,1,1,1,1,1,1,1,1,1,1,1,1,1,1,1,1,1,1,2,2,1,1,1,1,1,1,1,1,1,1,1,1,2,1,1,1,1,1,1,1,1,1,1,1,1,1,1,1,1,1,1,1,1,1,1,1,1,1,1,1,1,1,1,1,1,1,1,1,1,1,1,1,1,1,1,1,1,1
HOMER_QUIZ_1051582,INTD410,MULTICHOICE,3,1,4,3,3,3,3,3,3,3,3,3,3,3,3,3,3,3,3,3,3,3,3,3,3,3,3,3,3,3,3,3,3,3,3,3,3,3,3,3,3,3,3,3,3,3,3,3,3,3,3,3,3,3,3,3,3,3,3,3,3,3,3,3,3,3,3,3,3,3,1,3,3,3,3,3,3,3,3,3,3,3,3,3,3,3,3,3,3,3,3,3,3,3,3,3,3,3,3,3,3,3,3,3,3,3,3,3,3,3,3,3,3,3,3,3,3,3,3,3,4,3,3,3,3,3,3,3,3,3,3,3,3,3,3,3,3,3,3,3,3,3,3,3,3,3,3,3,3,4,3,3,3,3,3,3,3,3,3,3,3,3,3,3,3,3,3,3
HOMER_QUIZ_1051583,INTD410,MULTICHOICE,1,1,4,1,1,4,4,4,2,1,2,4,1,1,1,1,2,4,2,2,1,1,4,4,1,4,1,1,1,4,2,1,1,1,4,2,4,4,2,2,4,2,4,2,4,4,1,4,4,2,2,1,1,1,1,1,1,4,4,1,1,1,4,1,4,1,1,2,1,1,1,1,1,4,1,1,1,1,1,1,1,4,1,4,1,4,1,4,4,1,1,1,4,4,4,1,1,1,4,1,1,4,4,1,4,1,4,1,4,1,1,1,4,2,1,1,4,1,1,2,2,2,2,1,1,2,1,1,2,1,1,2,1,1,1,1,1,1,1,1,1,1,1,4,4,1,2,1,1,1,1,4,4,1,4,1,4,1,4,1,4,4,1,4,1,1,1,4
HOMER_QUIZ_1051592,"INFECTION, IMMUNITY AND INFLAMMATION",MULTICHOICE,2,1,4,2,4,2,4,2,2,2,2,2,2,2,2,4,2,4,4,2,2,2,2,4,4,4,4,2,4,4,4,4,2,4,4,2,2,2,4,1,2,2,2,2,1,4,2,4,4,2,1,2,2,3,2,2,2,4,1,2,4,2,2,4,4,2,2,2,2,4,4,1,4,4,4,2,4,2,2,1,4,2,4,3,3,2,4,2,2,2,4,2,2,1,2,2,2,1,2,4,4,4,4,4,4,2,2,2,2,3,4,1,4,4,2,2,2,4,4,2,4,2,4,4,2,2,2,2,4,2,2,2,2,4,4,4,4,4,1,4,4,2,4,2,2,1,2,2,2,2,4,2,2,2,4,4,4,4,2,1,3,4,4,2,2,2,2,2
HOMER_QUIZ_1051595,"INFECTION, IMMUNITY AND INFLAMMATION",MULTICHOICE,4,1,4,4,4,4,4,4,4,4,4,4,4,4,4,4,3,4,4,4,4,4,4,4,2,4,4,2,4,2,4,4,4,4,4,4,4,3,4,3,2,2,4,4,4,4,4,4,4,4,2,4,4,4,4,4,4,4,4,4,4,2,4,2,4,2,4,4,2,4,3,2,2,4,4,4,4,4,4,4,4,4,4,4,4,4,2,2,4,4,4,4,1,4,2,4,3,4,4,4,4,4,4,4,4,2,4,4,2,4,4,4,2,4,3,4,4,4,4,4,4,4,4,4,4,4,4,4,4,4,4,4,2,4,4,4,4,3,4,2,4,4,2,4,2,2,2,3,4,4,4,4,1,4,4,4,4,2,4,4,4,4,4,4,4,4,4,4
HOMER_QUIZ_1051596,"INFECTION, IMMUNITY AND INFLAMMATION",MULTICHOICE,1,1,1,1,1,1,1,1,1,1,1,1,1,1,1,1,1,1,1,1,1,1,1,1,1,1,1,1,1,1,1,1,1,1,1,1,1,1,1,1,1,1,1,1,1,1,1,1,1,1,1,1,1,1,1,1,1,1,1,1,1,1,1,1,1,1,1,1,1,1,4,1,1,4,1,1,1,1,1,1,1,1,1,1,1,1,1,1,1,1,1,1,1,1,1,1,1,1,1,1,1,1,1,1,1,1,1,1,1,1,1,1,1,1,1,1,1,1,1,1,1,1,1,1,1,1,1,1,1,1,1,1,1,1,1,1,1,1,1,1,1,1,1,1,1,1,1,1,1,1,1,4,1,1,1,1,1,1,1,1,1,1,1,1,1,1,1,1
HOMER_QUIZ_1051611,COMMUNITY HEALTH,MULTICHOICE,5,1,2,5,5,5,5,5,5,5,5,2,5,5,5,5,5,5,5,5,5,5,5,5,5,5,5,5,5,5,5,5,2,5,5,5,5,5,5,5,5,5,2,5,5,5,5,5,5,5,5,5,5,2,5,5,5,5,2,5,5,5,5,5,5,1,5,5,3,3,5,5,5,5,5,5,5,5,5,5,5,5,2,5,5,5,5,5,5,5,5,5,5,3,5,5,2,5,5,5,5,5,5,5,5,5,5,5,5,5,5,5,5,5,5,5,5,5,5,5,5,5,5,5,5,5,2,5,5,2,5,5,5,5,5,5,5,5,5,5,5,5,5,5,5,5,5,5,5,5,5,2,5,5,5,5,5,5,5,5,5,5,5,5,5,1,5,5
HOMER_QUIZ_1051612,COMMUNITY HEALTH,MULTICHOICE,1,1,1,1,1,1,1,1,1,1,1,1,1,1,1,1,1,1,3,3,1,1,1,1,5,1,1,1,1,1,1,1,1,1,1,1,1,1,1,1,1,1,1,1,1,1,1,1,1,1,1,1,5,1,1,1,1,1,1,1,1,1,1,1,1,1,1,1,1,1,1,3,1,1,1,1,1,1,1,1,1,1,1,1,1,1,1,1,1,1,1,1,1,1,1,1,1,1,1,1,1,1,1,1,1,1,1,1,1,1,1,1,1,1,1,3,1,1,1,1,1,1,1,1,1,1,1,1,1,1,1,1,1,1,1,1,1,1,1,1,1,1,1,1,1,1,1,1,1,1,1,1,1,1,1,1,1,1,1,1,1,1,1,1,1,1,1,1
HOMER_QUIZ_1051584,COMMUNITY HEALTH,MULTICHOICE,4,1,4,4,4,4,4,4,4,4,4,4,3,4,4,4,2,4,3,4,4,3,4,4,4,4,4,4,4,4,4,4,4,4,3,4,4,4,4,4,4,4,4,4,4,4,4,2,4,4,4,4,4,4,4,4,4,4,4,4,4,4,4,4,4,4,4,4,4,4,4,4,4,4,4,4,4,4,4,4,4,4,4,3,4,4,4,4,4,4,4,4,4,4,4,4,4,4,4,4,4,4,4,4,4,4,4,4,4,4,4,4,4,4,4,4,4,4,4,4,4,4,4,4,4,4,4,4,4,3,4,4,4,4,2,4,4,4,4,4,4,4,4,4,4,4,4,4,4,4,4,4,4,4,4,4,4,4,4,4,4,4,4,4,4,4,4,4
HOMER_QUIZ_1051585,COMMUNITY HEALTH,MULTICHOICE,5,1,1,2,1,5,3,5,5,2,2,5,5,5,5,2,5,5,1,5,5,5,2,5,2,5,2,5,5,5,5,3,2,5,5,5,5,2,2,3,5,2,5,5,5,2,5,5,5,2,5,5,5,5,5,2,5,2,5,2,5,5,5,5,5,5,2,5,5,5,5,4,5,5,5,2,5,2,2,5,5,5,2,5,2,2,2,5,5,2,5,5,2,5,5,5,2,5,5,5,5,5,5,5,2,5,5,5,5,5,2,5,5,5,2,5,5,5,5,2,5,5,5,5,5,5,5,5,2,2,3,2,5,5,3,5,5,5,2,5,2,2,5,2,5,5,2,2,5,5,5,5,5,5,2,2,3,5,5,5,2,5,5,2,2,5,5,5
HOMER_QUIZ_1051586,COMMUNITY HEALTH,MULTICHOICE,4,1,4,4,2,4,4,3,4,4,2,4,4,4,4,4,4,4,4,4,4,4,4,2,4,4,4,4,4,4,4,4,4,4,4,2,4,4,2,4,4,4,4,4,4,2,4,4,4,4,4,4,4,2,4,4,2,4,4,4,4,4,4,4,4,4,4,4,4,4,4,4,4,4,4,4,4,4,4,4,4,4,4,4,4,4,4,4,4,4,4,4,4,4,4,4,2,4,4,4,4,4,4,4,4,4,4,4,2,4,2,4,4,4,4,4,4,4,4,4,4,4,4,4,4,4,4,4,4,4,4,4,4,4,4,4,4,4,4,4,4,4,4,4,4,4,4,4,4,2,4,4,4,4,4,2,4,4,4,4,4,4,4,4,4,4,4,4
HOMER_QUIZ_1051646,PULMONARY,MULTICHOICE,3,1,3,3,3,3,3,3,3,2,3,3,2,4,3,3,3,3,3,3,3,3,3,3,3,3,3,3,3,2,3,3,3,3,3,3,3,3,3,3,3,2,3,3,3,2,3,3,3,3,2,3,3,3,3,3,3,3,3,3,3,2,2,3,3,3,3,3,2,3,3,3,3,3,2,2,3,3,3,3,3,4,3,2,3,3,3,3,3,3,2,3,5,2,3,3,3,3,3,3,3,3,2,3,3,2,3,3,3,2,3,3,3,3,3,3,3,2,3,3,3,3,3,3,3,2,3,3,3,3,3,2,3,3,3,3,2,3,3,3,3,2,2,3,3,3,3,2,3,3,3,2,3,3,3,3,2,3,3,3,3,3,3,3,3,3,3,3
HOMER_QUIZ_1051545,PULMONARY,MULTICHOICE,1,1,3,1,1,1,2,2,3,1,2,2,2,2,2,1,3,1,1,1,2,1,3,2,1,1,2,1,1,4,3,1,1,1,1,1,1,3,2,2,1,1,1,1,1,2,1,1,3,1,1,3,3,1,2,2,1,1,3,3,2,1,2,1,3,2,1,1,1,1,1,1,1,1,2,3,3,3,2,2,2,3,1,2,1,4,3,2,3,1,1,1,1,2,1,2,3,1,1,2,1,4,3,1,1,2,1,3,4,2,3,1,2,1,2,3,1,2,1,4,2,2,2,2,2,3,2,4,1,1,1,1,1,1,2,2,2,3,4,3,1,1,3,2,1,1,2,2,3,3,3,1,1,1,1,1,1,2,2,1,1,1,1,1,3,1,1,1
HOMER_QUIZ_1051647,PULMONARY,MULTICHOICE,5,1,4,5,5,5,5,5,5,5,5,5,5,5,5,5,4,5,5,5,5,5,4,5,5,5,4,5,5,5,5,5,5,4,5,5,5,4,5,3,5,5,5,5,5,5,5,5,5,5,5,2,5,5,5,1,5,5,5,5,5,5,5,5,5,5,5,5,5,5,5,5,5,5,5,5,5,5,4,5,5,5,5,5,5,5,4,5,4,5,4,5,5,3,5,5,5,5,5,5,4,5,5,4,5,5,5,5,5,5,5,5,5,5,5,5,5,5,5,5,5,4,5,5,5,5,5,4,5,5,5,5,5,4,5,4,5,4,5,5,5,5,4,5,5,4,3,5,5,2,5,5,5,5,4,5,5,5,5,5,5,4,5,5,5,5,5,5
HOMER_QUIZ_1051590,PULMONARY,MULTICHOICE,1,1,1,1,1,1,1,1,1,2,2,1,1,1,1,1,1,1,1,1,1,1,1,1,2,1,1,1,1,1,1,1,1,1,1,3,1,1,1,1,1,1,1,1,1,1,1,1,1,1,1,2,1,1,1,1,1,1,1,1,2,1,1,1,1,1,1,1,1,1,1,1,1,1,1,1,1,3,1,1,1,1,2,1,1,2,1,1,1,1,1,1,1,1,1,2,1,1,1,3,1,1,1,1,1,1,1,1,1,1,1,1,1,1,1,1,1,3,1,1,1,1,1,1,1,1,1,1,2,1,1,1,1,1,1,1,1,1,1,1,1,1,1,1,1,3,2,1,1,1,1,1,1,1,1,1,1,1,1,1,1,1,1,1,1,1,1,1
HOMER_QUIZ_1051648,RENAL,MULTICHOICE,3,1,1,3,3,3,3,3,3,3,3,2,3,3,3,3,3,3,3,3,3,3,3,3,3,3,3,3,3,3,3,3,3,3,3,3,3,3,3,3,3,3,3,3,3,3,1,3,3,3,3,3,3,3,3,3,3,4,3,3,3,1,1,3,3,3,3,3,3,3,3,3,3,3,3,3,3,3,1,3,3,3,3,3,3,1,3,3,3,1,3,3,3,3,3,1,3,3,3,1,3,3,3,3,3,3,3,3,1,1,3,3,3,3,3,3,3,3,3,3,1,3,3,3,1,3,3,3,3,3,3,3,3,3,3,3,3,3,3,3,3,3,1,3,3,3,3,3,3,3,3,3,3,3,3,3,1,3,3,3,1,3,3,3,1,3,3,3
HOMER_QUIZ_1051613,RENAL,MULTICHOICE,2,1,2,2,2,2,2,2,4,2,4,2,2,4,2,2,2,2,2,2,2,2,2,2,2,2,4,4,2,2,2,2,2,2,2,4,2,2,2,4,2,2,2,2,2,2,2,2,2,2,2,4,2,2,2,2,2,4,2,2,2,2,2,2,2,2,2,2,2,2,4,2,2,2,4,2,2,4,2,1,2,2,2,2,2,2,2,2,2,2,2,2,4,2,2,2,2,2,2,2,2,2,2,2,2,2,4,4,2,2,4,2,2,2,2,2,2,2,2,2,3,2,2,2,2,2,2,2,2,2,2,2,2,2,2,2,2,2,2,2,4,2,2,2,2,2,2,2,2,2,2,2,2,2,2,2,2,4,2,2,4,2,2,2,2,2,2,2
HOMER_QUIZ_1051641,RENAL,MULTICHOICE,3,1,4,3,3,3,3,3,3,3,3,4,4,3,3,2,3,3,3,3,3,3,3,3,3,3,3,3,3,4,3,3,4,4,3,3,3,2,3,3,3,3,3,3,3,3,4,3,3,4,3,3,3,3,3,3,3,4,3,3,3,4,3,3,2,3,4,3,3,3,2,2,2,2,4,2,3,4,4,2,4,3,3,3,3,3,3,3,3,2,3,3,4,2,3,2,2,4,3,3,3,4,3,4,4,3,3,3,4,3,3,3,3,3,2,3,4,3,3,3,2,4,3,3,3,3,3,3,2,3,3,3,3,3,4,3,3,4,3,3,3,3,3,3,3,3,2,4,3,4,4,3,3,3,2,3,3,4,3,3,3,3,3,3,3,4,3,3
HOMER_QUIZ_1051591,RENAL,MULTICHOICE,4,1,4,4,4,4,4,4,4,4,4,1,4,4,1,4,4,4,1,4,4,4,4,4,1,4,4,4,4,4,4,4,4,4,4,4,4,4,4,2,4,4,4,4,1,4,4,4,4,4,4,1,4,4,2,4,4,4,4,4,4,4,4,4,4,1,4,4,1,4,4,4,4,4,4,4,4,1,4,1,4,4,4,4,4,4,4,4,1,4,1,4,4,4,4,4,4,4,4,4,1,4,4,4,4,1,4,4,4,1,4,4,4,4,4,4,4,4,4,4,1,4,4,4,4,1,1,4,4,4,4,2,4,1,4,4,4,4,4,1,4,4,4,4,1,4,3,4,4,1,1,2,4,4,4,4,1,1,4,4,4,4,4,4,4,4,4,4
HOMER_QUIZ_1051597,PATIENT-CENTRED CARE 1,MULTICHOICE,1,1,1,1,1,2,1,1,2,3,1,1,1,1,1,2,1,2,2,1,1,1,1,2,1,1,1,1,1,1,1,1,1,1,1,1,2,2,1,1,1,1,1,1,1,1,1,1,1,1,2,2,1,1,1,2,1,1,1,1,1,2,1,1,1,1,4,2,1,1,1,1,1,1,1,1,2,1,3,1,1,1,1,1,1,1,4,2,1,1,1,1,1,1,1,1,1,1,1,1,2,2,1,1,1,1,1,1,1,2,2,1,1,1,4,3,1,2,1,1,3,1,1,1,1,4,1,1,1,1,1,1,1,1,1,1,1,2,1,1,1,1,1,1,2,1,1,1,1,1,1,1,1,1,1,1,1,4,1,1,2,1,1,1,1,1,1,1
HOMER_QUIZ_1051614,PATIENT-CENTRED CARE 1,MULTICHOICE,4,1,4,4,4,4,4,4,4,4,4,4,4,4,4,4,4,4,4,4,4,4,4,4,4,4,4,4,4,4,4,4,4,4,4,4,4,4,4,4,4,4,4,4,4,4,4,4,4,4,4,4,4,4,4,4,4,4,4,4,4,4,4,4,4,4,4,4,4,4,4,4,4,4,4,4,4,4,4,4,4,4,4,4,4,4,4,4,4,4,4,4,4,4,4,4,4,4,4,4,4,4,4,4,4,4,4,4,4,4,4,4,4,4,4,4,4,4,4,4,4,4,4,4,4,4,4,4,4,4,4,4,4,4,4,4,4,4,4,4,4,4,4,4,4,4,4,4,4,4,4,4,4,4,4,4,4,4,4,4,4,4,4,4,4,4,4,4
HOMER_QUIZ_1051615,PATIENT-CENTRED CARE 1,MULTICHOICE,4,1,2,4,4,4,1,4,4,4,4,4,3,3,4,4,4,4,1,1,4,4,4,4,1,4,4,4,4,4,3,4,4,4,4,4,4,3,4,1,4,4,4,4,4,4,4,3,4,3,4,1,4,4,1,4,4,4,4,4,1,4,4,4,1,4,3,4,4,3,4,4,4,4,1,3,4,1,4,3,4,4,4,4,4,4,1,4,4,4,4,4,4,1,1,4,3,1,4,3,1,4,4,3,4,3,4,4,4,4,4,3,4,3,4,4,1,3,4,4,4,3,4,4,1,4,4,4,4,4,4,4,4,3,1,1,4,3,4,4,4,4,4,3,4,4,4,4,4,4,4,4,1,4,1,4,4,3,4,4,4,4,4,4,4,4,4,4
HOMER_QUIZ_1051616,PATIENT-CENTRED CARE 1,MULTICHOICE,2,1,2,2,2,3,1,2,2,2,1,2,1,1,2,2,2,2,2,2,1,2,2,1,1,2,2,2,2,1,2,2,3,2,2,2,2,1,2,2,2,3,2,2,2,2,1,1,2,2,2,2,2,2,2,1,2,2,2,2,2,2,2,2,2,2,2,2,1,2,2,2,1,2,2,2,2,4,2,1,2,1,2,2,2,2,2,2,2,2,2,2,1,2,2,2,2,2,2,2,2,2,2,2,2,2,2,2,2,2,2,2,2,2,2,2,1,1,1,2,2,2,1,1,1,2,2,2,2,2,1,2,2,2,2,2,2,1,2,2,2,2,2,2,2,2,2,2,2,2,2,3,2,2,2,2,1,2,1,2,2,1,2,2,2,2,2,2
HOMER_QUIZ_1051617,PATIENT-CENTRED CARE 2,MULTICHOICE,4,1,1,4,4,4,4,4,2,4,4,4,4,2,4,2,4,4,4,2,4,4,2,4,4,4,4,4,2,2,4,3,4,2,4,1,2,4,3,2,4,4,4,4,4,4,4,2,4,4,1,4,4,4,1,2,4,1,4,4,4,4,4,4,4,4,4,4,4,4,4,1,4,3,1,1,2,4,4,4,4,1,2,4,4,4,4,4,4,4,4,4,4,2,4,2,4,4,4,4,4,4,4,4,4,4,2,4,4,4,3,1,4,4,4,4,4,4,4,4,1,1,1,4,4,4,4,4,4,4,4,4,4,4,1,4,4,1,4,4,4,4,4,4,1,4,4,4,2,4,2,1,4,4,4,4,4,1,4,4,2,2,2,4,4,4,4,2
HOMER_QUIZ_1051598,PATIENT-CENTRED CARE 2,MULTICHOICE,3,1,1,1,1,1,3,1,1,3,3,1,1,3,3,3,3,3,3,3,1,3,1,1,1,1,3,4,3,1,3,1,1,1,1,3,1,4,1,3,1,3,1,3,1,3,3,3,3,1,3,3,1,3,1,1,1,1,1,3,3,1,1,1,4,1,3,3,1,3,1,3,3,3,3,1,1,3,4,1,1,3,3,1,3,3,3,3,3,3,1,4,4,3,4,3,1,3,3,1,1,3,1,3,1,3,1,3,3,3,1,3,1,3,1,1,1,3,1,1,3,3,3,3,3,1,3,3,3,3,4,1,3,3,1,1,1,1,3,1,3,3,3,1,4,1,3,3,3,1,1,1,1,1,1,3,1,1,3,3,1,1,3,1,3,3,3,1
HOMER_QUIZ_1051599,PATIENT-CENTRED CARE 2,MULTICHOICE,2,1,4,2,2,4,2,4,3,2,2,2,4,6,3,4,3,2,2,3,2,2,2,4,4,4,3,2,2,2,4,2,2,3,2,2,2,2,2,3,3,2,2,2,3,2,2,3,3,2,2,2,2,4,4,3,4,2,3,3,4,4,2,2,4,2,2,2,4,2,2,2,3,2,2,2,4,4,2,2,4,2,3,2,4,2,2,3,4,2,4,4,2,2,6,4,2,2,2,4,3,5,2,1,3,3,2,2,2,2,4,2,2,4,2,2,3,2,2,2,4,3,4,2,2,1,4,2,4,2,4,2,2,6,4,3,3,4,2,2,2,4,2,2,3,4,2,2,2,2,4,2,3,2,2,3,2,4,2,2,2,4,2,4,2,2,2,4
HOMER_QUIZ_1051618,PATIENT-CENTRED CARE 2,MULTICHOICE,3,1,2,1,1,4,3,2,1,1,3,1,3,3,1,3,1,1,1,3,1,1,3,3,1,1,3,1,1,1,3,3,1,1,3,2,2,3,1,1,4,1,3,1,1,1,1,3,3,3,1,3,1,3,2,1,3,1,1,1,1,3,1,3,3,1,1,1,3,1,1,1,1,3,2,1,4,1,1,3,1,1,1,3,1,1,3,3,3,1,3,1,1,1,1,1,2,1,1,1,3,1,3,1,2,1,3,3,1,3,3,1,1,3,1,1,1,1,3,1,3,3,1,1,1,1,1,3,1,1,1,1,2,1,3,1,4,1,3,1,3,1,1,2,1,1,1,3,4,1,3,3,2,3,3,4,1,1,3,1,1,3,1,3,1,3,1,2
HOMER_QUIZ_1051600,CLINICAL SKILLS,MULTICHOICE,5,1,5,5,4,5,5,1,5,5,4,4,5,4,4,5,5,5,5,4,4,1,4,5,5,4,5,5,4,5,5,4,5,5,5,5,5,5,4,5,5,4,5,5,4,5,2,5,2,5,5,4,5,4,5,4,5,2,5,5,5,5,4,5,5,2,5,5,5,4,4,5,5,5,5,5,5,5,4,4,5,5,5,5,4,4,4,5,5,4,5,5,5,5,4,4,5,4,5,5,4,5,5,5,4,4,4,5,4,5,5,5,4,4,5,4,5,4,5,4,2,2,5,5,5,4,4,5,5,5,4,5,3,5,4,2,5,5,4,4,4,5,5,5,4,4,4,4,5,4,2,5,4,5,5,5,5,5,5,5,5,5,4,5,4,5,5,5
HOMER_QUIZ_1051535,INTRODUCTORY BLOCK,MULTICHOICE,4,1,4,4,4,4,1,1,4,4,3,3,4,4,4,4,1,4,4,4,3,4,4,4,1,1,2,4,4,3,4,4,1,1,3,4,1,4,3,4,3,4,3,4,4,4,4,3,4,4,1,1,4,4,3,4,4,4,1,4,4,4,4,4,4,4,4,4,1,4,4,4,4,4,4,4,4,1,1,1,4,3,4,4,4,1,4,1,4,4,4,4,4,3,4,4,4,1,1,1,4,3,4,4,4,4,2,3,4,3,4,4,4,4,1,4,4,4,4,3,4,3,3,4,1,2,1,3,3,4,1,4,1,1,4,2,4,4,4,3,4,3,3,4,2,1,4,4,4,4,4,4,4,4,3,4,4,4,4,4,3,1,4,1,1,4,1,1
HOMER_QUIZ_1051536,INTRODUCTORY BLOCK,MULTICHOICE,2,1,2,2,2,2,2,2,2,2,2,2,2,2,2,2,2,2,2,2,2,2,2,2,2,2,2,2,2,2,2,2,2,2,2,2,2,2,2,2,2,2,2,2,2,2,2,2,2,2,2,2,2,2,1,2,2,2,2,2,2,2,2,2,2,2,2,2,2,2,2,2,2,2,2,2,2,2,2,2,2,2,2,2,2,2,2,2,2,2,2,2,2,2,2,2,2,2,2,2,2,2,2,2,2,2,2,2,2,2,2,2,2,2,2,2,2,2,2,2,2,2,2,2,2,2,2,2,2,2,2,2,2,2,2,2,2,2,2,2,2,2,2,2,2,2,2,2,2,2,2,2,2,2,2,2,2,2,2,3,2,2,2,2,2,2,2,2
HOMER_QUIZ_1051537,INTRODUCTORY BLOCK,MULTICHOICE,1,1,4,1,1,1,1,1,1,1,1,1,1,1,1,1,1,1,1,1,1,1,1,1,1,1,1,1,1,1,1,1,1,1,1,4,1,1,1,1,1,1,4,1,1,1,1,1,1,1,1,4,1,1,1,1,1,1,4,1,1,1,1,1,1,1,1,1,1,1,1,1,1,1,4,4,1,1,4,1,1,1,1,1,1,1,1,1,4,1,1,1,1,1,1,1,4,1,1,4,4,1,3,1,1,4,1,1,1,4,1,1,1,4,1,1,1,4,1,1,1,4,1,1,1,2,1,1,1,1,4,1,1,1,4,1,2,4,1,1,1,1,4,1,1,1,1,1,1,1,1,1,1,1,1,1,1,1,1,1,1,1,1,1,1,1,1,1
HOMER_QUIZ_1051547,"INFECTION, IMMUNITY AND INFLAMMATION",MULTICHOICE,3,1,1,3,3,3,3,3,1,3,3,3,3,3,1,1,3,1,1,3,3,3,1,3,1,3,3,1,1,1,1,3,3,3,1,3,1,3,3,3,3,3,3,3,3,1,3,3,3,3,3,1,3,3,3,1,3,3,1,3,3,3,3,1,3,3,1,3,3,1,1,1,3,3,3,3,3,3,3,3,3,3,3,3,3,3,3,3,1,3,1,3,3,3,1,1,3,1,3,3,1,3,1,3,3,3,3,3,3,3,3,3,3,3,1,3,3,3,3,1,3,1,3,3,3,1,3,1,1,1,3,3,3,1,3,3,1,3,3,3,3,3,3,3,3,1,3,3,3,3,3,1,3,3,3,3,1,3,3,3,3,3,3,3,3,3,3,3
HOMER_QUIZ_1051538,"INFECTION, IMMUNITY AND INFLAMMATION",MULTICHOICE,1,1,1,1,1,1,1,1,1,1,2,3,1,1,1,3,1,3,1,1,1,1,1,1,1,1,1,1,3,1,1,1,1,3,1,1,1,1,1,1,1,1,1,1,3,1,1,1,3,1,3,1,1,1,1,1,1,1,3,1,1,3,4,1,1,3,1,1,4,1,1,1,1,1,1,3,1,1,1,1,1,1,1,1,3,1,1,1,3,1,1,1,1,1,3,3,1,4,1,1,1,1,3,1,1,3,1,1,2,1,1,1,1,1,1,3,1,4,1,1,1,1,1,3,1,1,1,1,1,3,1,1,1,1,4,1,4,3,1,1,1,2,1,1,1,2,1,1,1,1,1,1,1,1,1,1,1,1,1,1,1,1,1,3,1,1,3,1
HOMER_QUIZ_1051640,"INFECTION, IMMUNITY AND INFLAMMATION",MULTICHOICE,1,1,4,1,1,1,1,1,1,1,1,1,1,1,1,1,1,1,1,1,1,1,1,1,1,1,1,1,3,1,1,1,1,1,1,1,1,1,1,1,1,1,4,1,1,1,1,1,3,1,1,1,1,1,1,1,1,1,1,1,1,1,1,1,1,1,1,1,1,1,1,1,1,1,1,1,1,1,1,1,1,1,1,1,1,1,1,1,1,1,1,1,1,4,1,1,1,1,1,1,1,1,1,1,1,1,1,1,1,1,1,1,1,1,1,1,1,1,1,1,3,1,1,1,1,3,1,1,1,1,1,1,1,1,1,1,1,1,1,1,1,1,1,1,1,1,1,1,1,1,1,1,1,1,1,1,1,1,1,1,1,1,1,1,1,1,1,1
HOMER_QUIZ_1051539,"INFECTION, IMMUNITY AND INFLAMMATION",MULTICHOICE,4,1,4,4,4,4,4,4,4,4,4,4,4,2,4,4,4,4,4,4,4,4,4,3,3,4,4,4,3,2,4,4,4,4,4,4,2,4,4,4,4,3,4,4,4,4,2,4,4,4,4,4,4,4,4,4,4,4,4,4,4,4,4,2,4,4,4,3,4,4,4,4,4,4,4,4,4,2,3,4,4,4,2,4,2,4,3,4,4,4,4,4,4,2,4,3,4,3,4,4,4,4,4,4,4,4,2,4,3,4,4,4,4,4,3,4,4,4,4,4,4,4,4,4,4,4,3,2,4,4,4,4,4,4,4,4,3,2,4,4,2,4,2,4,4,4,4,2,4,4,4,4,3,4,4,4,4,4,4,4,4,2,4,4,4,4,3,4
HOMER_QUIZ_1051588,RENAL,MULTICHOICE,2,1,2,2,3,2,2,2,4,3,2,2,2,2,2,2,2,2,2,2,2,2,2,2,4,3,2,2,2,2,2,2,2,2,2,2,2,1,2,2,2,2,2,2,2,2,2,2,2,2,2,2,2,2,2,2,2,2,2,2,2,2,2,2,2,2,2,4,4,2,3,2,2,2,2,2,2,2,1,2,3,2,2,2,2,2,1,2,2,2,2,2,2,2,2,1,2,2,2,2,1,1,2,2,2,2,2,2,2,2,2,2,2,2,2,2,2,4,1,1,2,2,2,2,2,3,2,2,2,2,2,2,2,2,2,2,2,2,2,2,2,3,2,2,2,2,2,2,2,2,2,2,2,2,2,2,2,2,2,2,2,2,2,2,2,2,2,2
HOMER_QUIZ_1051540,RENAL,MULTICHOICE,2,1,4,2,2,2,2,2,2,1,2,2,2,2,2,2,2,2,3,2,2,2,2,2,2,2,2,2,2,2,2,2,2,2,2,2,2,2,1,2,2,2,2,2,2,2,2,2,2,2,2,2,2,2,2,2,2,1,2,2,2,2,2,2,2,2,2,2,2,2,2,4,2,2,1,2,2,2,2,2,2,2,2,1,2,2,2,2,1,2,4,2,2,2,2,2,2,2,2,2,4,2,2,2,2,4,2,2,2,2,2,2,2,1,2,2,2,2,2,2,2,2,2,2,2,2,2,2,2,2,2,2,2,2,2,2,2,2,2,2,2,2,2,2,4,2,2,2,2,2,1,2,2,2,2,2,4,2,2,2,2,2,2,2,2,2,4,2
HOMER_QUIZ_1051589,RENAL,MULTICHOICE,4,1,4,4,4,4,4,4,4,4,4,4,4,4,4,4,4,4,1,4,4,4,4,4,2,1,4,4,4,2,1,4,4,4,4,4,4,4,4,4,4,4,4,4,4,4,4,4,4,4,4,4,4,4,4,4,4,4,4,4,4,4,4,4,4,4,4,4,4,4,1,4,4,4,4,4,4,2,4,4,4,4,4,4,4,4,4,4,4,4,1,4,4,4,4,4,4,1,4,4,4,4,4,4,4,4,4,4,4,4,4,4,4,4,4,4,4,4,4,4,2,4,1,4,4,4,4,4,3,4,4,4,4,1,4,4,1,4,4,4,4,4,4,4,4,4,4,4,4,4,1,4,4,4,4,4,4,4,4,4,4,4,4,4,4,4,4,4
HOMER_QUIZ_1051638,ENDOCRINE,MULTICHOICE,4,1,1,4,4,4,4,4,4,4,4,4,4,4,4,4,4,4,4,4,4,4,4,4,4,4,4,4,4,4,1,4,4,4,4,4,4,2,4,4,4,4,4,5,4,4,4,4,4,4,4,4,4,4,4,4,4,4,4,4,4,4,4,4,4,4,4,4,4,4,4,4,4,5,4,4,4,4,5,4,2,2,4,4,4,4,4,4,4,4,4,4,4,4,4,4,4,2,4,4,4,4,4,4,4,4,4,4,4,4,4,4,4,4,4,4,4,2,4,4,4,4,4,4,4,4,4,2,4,4,4,4,4,4,4,2,4,4,4,4,4,4,4,4,4,4,4,4,4,4,4,4,4,4,4,4,3,4,4,4,4,5,4,4,4,4,4,4
HOMER_QUIZ_1051548,CLINICAL SKILLS,MULTICHOICE,5,1,5,5,5,5,5,5,5,5,5,5,5,5,5,5,5,5,5,5,5,5,5,5,5,5,5,5,5,5,5,5,5,5,5,5,5,5,5,5,5,5,5,5,5,5,5,5,5,5,5,5,3,5,5,5,5,5,5,5,5,5,5,5,5,5,5,5,5,5,5,5,5,5,5,5,5,5,5,5,5,5,5,5,5,5,5,5,5,5,5,5,5,5,5,5,5,5,5,5,5,5,5,5,5,5,5,5,5,5,5,5,5,5,5,5,5,5,5,5,5,5,5,5,5,5,5,5,5,5,3,5,5,5,5,5,5,5,5,5,5,5,5,5,5,5,5,5,5,5,5,5,5,5,5,5,5,5,5,5,5,5,5,5,5,5,5,5
HOMER_QUIZ_1051541,PATIENT-CENTRED CARE 2,MULTICHOICE,2,1,1,2,2,2,2,2,2,2,2,2,2,2,2,2,2,2,2,2,2,2,2,2,2,2,2,2,2,2,2,2,2,2,2,2,2,2,2,2,2,2,2,2,2,2,2,2,2,2,2,2,2,2,2,2,2,2,2,2,2,2,2,2,2,2,2,2,2,2,2,2,2,2,2,2,2,2,2,2,2,2,2,2,2,2,2,2,2,1,2,2,2,2,2,2,2,2,2,2,2,2,2,2,2,2,2,2,2,2,2,2,2,2,2,2,2,2,2,2,2,2,2,2,2,2,2,2,2,2,2,2,2,2,2,2,2,4,2,2,2,2,2,2,2,2,2,2,2,2,2,2,2,2,2,2,2,2,2,2,2,2,2,2,2,2,2,2
HOMER_QUIZ_1051549,PATIENT-CENTRED CARE 2,MULTICHOICE,4,1,4,4,1,4,1,1,4,1,1,4,4,1,4,1,1,4,4,1,4,1,1,1,1,4,1,4,4,1,1,1,1,4,4,1,4,1,1,1,1,1,1,1,4,1,1,1,4,4,1,1,1,4,1,1,1,1,1,1,4,4,1,4,1,1,1,1,1,4,1,1,1,1,1,4,1,1,4,4,1,1,4,1,4,4,1,1,4,1,1,4,4,4,1,4,1,4,4,1,4,4,1,4,4,1,1,1,1,4,4,1,1,4,1,4,4,1,4,1,4,4,1,1,4,1,4,1,4,4,1,4,1,1,1,1,4,1,1,1,1,1,1,1,4,4,1,4,1,1,4,1,1,1,1,1,1,1,1,1,4,1,1,1,4,1,4,1
HOMER_QUIZ_1051542,PULMONARY,MULTICHOICE,2,1,3,2,2,2,2,3,2,3,2,2,2,2,2,2,2,2,2,2,2,2,2,2,2,2,2,2,2,2,2,2,2,2,2,3,2,2,2,2,2,3,2,2,3,2,2,2,2,2,2,2,2,2,2,3,2,3,2,2,2,2,2,2,2,2,3,3,2,2,2,2,2,2,2,2,2,2,2,2,2,2,2,2,2,2,2,2,2,2,2,2,2,2,2,2,2,2,2,3,2,3,2,2,2,2,2,3,2,3,2,2,6,2,2,2,2,2,2,2,2,2,2,2,2,2,2,2,2,3,2,2,2,2,2,2,2,6,2,2,2,2,2,2,2,2,5,3,2,4,2,2,3,2,2,2,2,2,2,2,2,2,2,2,2,3,2,2
HOMER_QUIZ_1051543,PULMONARY,MULTICHOICE,4,1,4,4,4,4,4,4,4,4,4,4,4,4,4,4,4,4,4,4,4,4,4,4,1,4,4,4,4,4,4,4,4,4,4,4,4,4,4,4,4,4,4,4,4,4,4,4,4,4,4,4,4,4,4,4,4,4,4,4,4,4,4,4,4,4,4,4,4,4,4,4,4,4,4,4,4,4,4,4,4,4,4,4,4,4,4,4,4,4,4,4,4,2,4,4,4,4,4,4,4,4,4,4,4,4,4,4,4,4,4,4,4,4,4,4,4,4,4,4,4,4,4,4,4,4,4,4,4,4,4,4,4,4,4,4,4,4,4,4,4,4,4,4,4,4,1,4,4,4,4,4,4,4,4,4,4,4,4,4,4,4,4,4,4,4,4,4
HOMER_QUIZ_1051544,NEUROSCIENCES,MULTICHOICE,2,1,2,2,2,2,2,4,2,2,2,2,2,2,4,2,2,2,2,2,4,2,2,2,2,2,2,2,2,2,2,2,2,2,2,2,2,2,4,1,2,2,2,2,2,2,2,3,2,2,2,2,2,2,2,2,2,2,2,2,2,2,2,2,2,2,2,2,2,2,2,2,3,2,2,2,2,2,2,2,2,2,2,2,4,2,1,2,2,2,2,2,1,4,2,2,2,2,2,2,2,2,2,2,1,2,2,2,2,1,2,2,2,2,2,2,2,2,2,2,2,2,2,2,2,2,2,2,2,2,2,2,2,2,2,2,2,2,2,2,2,4,2,2,2,2,2,2,2,3,2,2,1,2,2,2,2,2,2,2,2,2,2,2,2,2,2,2
HOMER_QUIZ_1051639,NEUROSCIENCES,MULTICHOICE,2,1,2,2,2,2,2,2,2,2,2,2,2,2,2,2,2,2,2,2,2,2,2,2,2,2,2,2,2,2,2,2,2,2,2,2,2,2,2,2,2,2,2,2,2,2,2,2,2,2,2,2,2,2,2,2,2,2,2,2,2,2,2,2,2,2,2,2,2,2,2,2,2,2,2,2,2,2,2,2,2,2,2,2,2,2,2,2,2,2,2,2,2,2,2,2,2,2,2,2,2,2,2,2,2,2,2,2,2,2,2,2,2,2,2,2,2,2,2,2,2,2,2,2,2,2,2,2,2,2,2,2,2,2,2,2,2,2,2,2,2,2,2,2,2,2,2,2,2,2,2,2,2,2,2,2,2,2,2,2,2,2,2,2,2,2,2,2
HOMER_QUIZ_1051550,NEUROSCIENCES,MULTICHOICE,0,1,4,4,2,4,3,4,1,4,4,3,1,4,4,1,4,4,2,1,3,1,4,1,1,4,4,1,1,4,4,4,1,1,1,4,4,4,4,1,1,1,3,4,2,4,1,4,1,4,1,1,1,1,1,1,4,4,4,1,1,2,1,1,2,4,4,1,4,1,1,1,4,1,4,1,1,2,1,4,1,1,2,4,4,1,1,4,1,1,1,1,1,1,2,4,4,1,1,4,1,1,1,4,4,4,4,4,1,1,1,4,2,1,1,1,1,4,4,1,1,1,1,1,1,4,4,1,1,1,4,4,4,1,2,4,1,3,1,1,4,1,4,2,4,4,1,1,1,4,4,1,4,4,4,4,4,4,4,4,4,4,4,1,4,4,4,4
HOMER_QUIZ_1051649,NEUROLOGY,MULTICHOICE,2,1,2,2,2,1,2,2,2,1,2,2,2,2,2,2,2,2,2,2,2,2,2,2,3,2,2,2,1,2,1,2,3,2,2,2,4,2,2,2,2,2,2,2,2,2,2,2,2,2,2,2,2,2,2,2,2,2,2,2,2,2,2,1,2,3,2,2,2,2,2,2,4,2,2,2,2,2,2,2,2,3,2,2,1,2,2,2,2,1,2,2,2,2,2,2,4,2,2,2,2,2,2,4,2,2,2,2,2,1,2,4,2,2,2,2,2,2,2,2,2,1,2,2,2,2,4,2,3,2,2,2,2,2,2,2,2,2,2,2,2,2,4,2,2,2,2,2,2,2,2,2,2,3,2,2,2,2,2,2,2,2,2,2,2,2,2,2
HOMER_QUIZ_1051637,"INFECTION, IMMUNITY AND INFLAMMATION",MULTICHOICE,5,1,5,5,5,5,5,5,5,5,5,5,5,5,5,5,5,5,5,5,5,5,5,5,5,5,5,5,5,5,5,5,5,5,5,5,5,5,5,5,5,5,5,5,5,5,5,5,5,5,5,5,5,5,5,5,5,5,5,5,5,5,5,5,5,5,5,5,5,5,5,5,5,5,5,5,5,5,5,5,5,5,5,5,5,5,5,5,5,5,5,5,5,5,5,5,5,5,5,5,5,5,5,5,5,5,5,5,5,5,5,5,5,5,5,5,5,5,5,5,5,5,5,5,5,5,5,5,5,5,5,5,5,5,5,5,5,5,5,5,5,5,5,5,5,5,5,5,5,5,5,5,5,5,5,5,5,5,5,5,5,5,5,5,5,5,5,5
HOMER_QUIZ_1051593,"INFECTION, IMMUNITY AND INFLAMMATION",MULTICHOICE,1,1,1,1,1,1,1,1,1,1,1,1,1,1,1,1,1,1,1,1,1,1,1,1,1,1,1,2,1,1,1,1,1,1,1,1,1,1,1,1,1,1,1,1,1,1,1,1,1,1,1,1,1,1,1,1,1,1,1,1,1,1,1,1,1,1,1,1,1,1,1,1,1,2,1,1,1,1,1,1,1,1,1,1,1,1,1,1,1,1,1,1,1,1,1,1,1,1,1,1,1,1,1,4,1,1,1,4,1,1,1,1,1,1,1,1,1,1,1,1,1,1,1,1,2,1,1,1,1,1,1,1,1,1,1,1,1,1,4,1,1,1,1,1,1,1,1,1,1,1,1,1,1,1,1,1,1,1,1,1,1,1,1,1,1,1,1,1
HOMER_QUIZ_1051594,"INFECTION, IMMUNITY AND INFLAMMATION",MULTICHOICE,3,1,3,3,2,3,3,3,3,3,3,3,3,3,3,3,3,3,3,3,3,3,3,3,3,3,3,3,3,3,3,3,3,4,3,3,3,3,3,3,3,3,3,3,3,3,3,3,3,3,3,2,3,3,3,3,3,3,3,3,3,3,4,3,3,3,3,3,2,3,3,3,3,3,3,3,3,2,3,3,3,3,3,3,3,3,3,3,3,3,3,3,3,3,3,3,3,3,3,3,3,3,3,3,3,3,2,3,3,3,3,3,3,3,3,3,3,2,3,3,3,3,3,3,3,3,3,3,3,3,3,3,3,3,3,3,3,3,3,3,3,3,3,3,3,3,3,3,3,3,3,3,3,3,3,3,3,3,3,3,3,3,3,3,3,3,3,3
